Span:,-30,Load Case,Mx,My,Mxy,Mz,Fx,Fy,Fxy,Fz,Saftey Factor
Mx,Max,dlc61_U50_Yp8_37,690721214.4,-72159238.8,694480219.2,44463810.6,552721.1765625,-3989990.8125,4028092.2,-33221094.3,1.35
Mx,Min,dlc61_U50_Ym8_278,-750888921.6,157737898.8,767277878.4,-41708239.2,1803719.1375,4330810.125,4691408.9625,-32907470.4,1.35
My,Max,dlc13_U18_Ym10_353,32675643,710879328,711629928,-19075811.85,4711541.175,-447478.93125,4732743.2625,-33972893.1,1.35
My,Min,dlc14_U11,158127206.4,-300400012.8,339476637.6,53064028.8,-1291984.340625,-801846.253125,1520585.6625,-33631829.1,1.35
Mxy,Max,dlc61_U50_Ym8_278,-750004963.2,168049933.2,768601526.4,-40541790.6,1898357.34375,4318674.975,4717490.2875,-32986178.1,1.35
Mxy,Min,dlc13_U04_Y0_149,-5359.00363769531,25435.8694335938,25994.2763671875,6548052.15,514007.8171875,54187.955859375,516856.2328125,-33693570,1.35
Mz,Max,dlc13_U24_Yp10_735,44533913.4,47472420.6,65091475.8,82461537,1056460.21875,376098.1453125,1121408.8875,-34405074,1.35
Mz,Min,dlc13_U24_Ym10_735,-28646740.8,52842650.4,60108080.4,-90466291.8,747433.828125,362420.409375,830665.884375,-33071141.7,1.35
Fx,Max,dlc13_U18_Ym10_353,-3668729.625,708862190.4,708871694.4,-18743557.95,4744111.6125,222087.6140625,4749307.0875,-34254360,1.35
Fx,Min,dlc13_U24_Y0_583,82436302.8,-102460118.4,131505973.2,-7565699.7,-1306273.8375,-152226.727734375,1315113.80625,-32308443,1.35
Fy,Max,dlc61_U50_Ym8_278,-750888921.6,157737898.8,767277878.4,-41708239.2,1803719.1375,4330810.125,4691408.9625,-32907470.4,1.35
Fy,Min,dlc61_U50_Yp8_37,690721214.4,-72159238.8,694480219.2,44463810.6,552721.1765625,-3989990.8125,4028092.2,-33221094.3,1.35
Fxy,Max,dlc13_U18_Ym10_353,39234645,707416027.2,708503198.4,-20990750.4,4725392.5125,-542071.659375,4756382.4375,-34041208.5,1.35
Fxy,Min,dlc64_U04_Ym8_400,148477.546875,-74925600,74925744,3867.2216796875,17.6490440368652,-23.3661212921143,29.2824935913086,-24894456,1
Fz,Max,dlc64_U34_Yp8_669,100761656,40137020,108461480,10996377,650610.8125,-539721.8125,845336.625,-24115430,1
Fz,Min,dlc13_U26_Yp10_839,30396122.1,246098347.2,247968388.8,50232025.8,3000894.4125,556312.3453125,3052023.975,-35410208.4,1.35
Span:,-29.8999996,Load Case,Mx,My,Mxy,Mz,Fx,Fy,Fxy,Fz,Saftey Factor
Mx,Max,dlc61_U50_Yp8_37,690322219.2,-72214642.8,694089129.6,44463483.9,552661.1015625,-3990379.6125,4028469.1875,-33201816.3,1.35
Mx,Min,dlc61_U50_Ym8_278,-750455884.8,157557376.8,766817020.8,-41707826.1,1803785.2875,4331230.65,4691822.7375,-32888178.9,1.35
My,Max,dlc13_U18_Ym10_353,32630828.4,710408145.6,711157147.2,-19075508.1,4711948.875,-447480.4921875,4733149.275,-33953601.6,1.35
My,Min,dlc14_U11,158046940.8,-300270844.8,339324940.8,53063996.4,-1292160.178125,-801933.4125,1520781.075,-33612586.2,1.35
Mxy,Max,dlc61_U50_Ym8_278,-749573136,167859961.2,768138595.2,-40541350.5,1898428.3875,4319096.5125,4717904.7375,-32966883.9,1.35
Mxy,Min,dlc11_U06_Ym10_680,-19743.8891601563,2625.8447265625,19917.7355957031,2185532.1875,463441.5234375,-17547.7575683594,463773.59375,-31183127.5,1.25
Mz,Max,dlc13_U24_Yp10_735,44571567.6,47366796.6,65040283.8,82461493.8,1056476.165625,376052.878125,1121408.803125,-34385839.2,1.35
Mz,Min,dlc13_U24_Ym10_735,-28610514.9,52767876.6,60025082.4,-90466297.2,747465.215625,362433.0234375,830699.634375,-33051906.9,1.35
Fx,Max,dlc13_U18_Ym10_353,-3646583.8875,708387768,708397185.6,-18743601.15,4744514.25,222089.40703125,4749709.3875,-34235071.2,1.35
Fx,Min,dlc13_U24_Y0_583,82421091,-102329481.6,131394668.4,-7565605.875,-1306303.453125,-152281.7296875,1315149.58125,-32289208.2,1.35
Fy,Max,dlc61_U50_Ym8_278,-750455884.8,157557376.8,766817020.8,-41707826.1,1803785.2875,4331230.65,4691822.7375,-32888178.9,1.35
Fy,Min,dlc61_U50_Yp8_37,690322219.2,-72214642.8,694089129.6,44463483.9,552661.1015625,-3990379.6125,4028469.1875,-33201816.3,1.35
Fxy,Max,dlc13_U18_Ym10_353,39180364.2,706943462.4,708028387.2,-20990415.6,4725797.85,-542075.034375,4756785.75,-34021917,1.35
Fxy,Min,dlc64_U04_Ym8_835,49460.73828125,-75114824,75114840,3604.6220703125,-12.6111841201782,-16.9305515289307,21.1112651824951,-24878530,1
Fz,Max,dlc64_U34_Yp8_669,100707688,40071952,108387264,10996363,650629.5,-539778,845386.875,-24101182,1
Fz,Min,dlc13_U26_Yp10_839,30451874.4,245798280,247677436.8,50231842.2,3000996.675,556269.2296875,3052116.7875,-35390965.5,1.35
Span:,-25,Load Case,Mx,My,Mxy,Mz,Fx,Fy,Fxy,Fz,Saftey Factor
Mx,Max,dlc61_U50_Yp8_37,670769251.2,-74928591,674941248,44448334.2,551166.7359375,-3999305.475,4037106.4875,-32257140.3,1.35
Mx,Min,dlc61_U50_Ym8_278,-729229046.4,148711431.6,744237936,-41688899.1,1805580.95625,4343327.6625,4703681.475,-31942854.9,1.35
My,Max,dlc13_U18_Ym10_353,14970552.3,687340382.4,687503419.2,-16827273.45,4662727.2,-186139.51875,4666441.05,-32940607.5,1.35
My,Min,dlc14_U11,154114002,-293940856.8,331892078.4,53062576.2,-1296288.9,-803938.921875,1525346.775,-32669694.9,1.35
Mxy,Max,dlc61_U50_Ym8_278,-728405827.2,158550372,745461792,-40521378.6,1900359.39375,4331248.5375,4729807.6875,-32021543.7,1.35
Mxy,Min,dlc13_U04_Ym10_879,-13172.3586914063,36508.904296875,38812.5131835938,19121935.95,444620.1375,137549.390625,465410.475,-32531446.8,1.35
Mz,Max,dlc13_U24_Yp10_735,46416493.8,42190567.2,62725870.8,82457568,1056757.471875,374792.5265625,1121251.865625,-33443377.2,1.35
Mz,Min,dlc13_U24_Ym10_735,-26835030,49104397.8,55958563.8,-90465654.6,748188.140625,362713.78125,831472.678125,-32109404.4,1.35
Fx,Max,dlc13_U18_Ym10_353,-2561103.5625,685137484.8,685142236.8,-18745276.5,4753944,222159.48046875,4759132.05,-33289911.9,1.35
Fx,Min,dlc14_U11,151076858.4,-292419439.2,329140303.2,53856165.6,-1310153.990625,-782200.884375,1525890.4875,-32651618.4,1.35
Fy,Max,dlc61_U50_Ym8_278,-729229046.4,148711431.6,744237936,-41688899.1,1805580.95625,4343327.6625,4703681.475,-31942854.9,1.35
Fy,Min,dlc61_U50_Yp8_37,670769251.2,-74928591,674941248,44448334.2,551166.7359375,-3999305.475,4037106.4875,-32257140.3,1.35
Fxy,Max,dlc13_U18_Ym10_353,36520389,683785929.6,684760478.4,-20974792.05,4735252.2375,-541956.1921875,4766164.875,-33076728,1.35
Fxy,Min,dlc64_U06_Ym8_468,-208985.296875,-75154496,75154784,-80218.8828125,3.8290159702301,-2.5197057723999,4.58369731903076,-24179608,1
Fz,Max,dlc64_U34_Yp8_669,98063088,36883664,104770104,10995760,651044.625,-541054.875,846522,-23402976,1
Fz,Min,dlc13_U26_Yp10_839,33183391.5,231092092.8,233462412,50223704.4,3003168.4875,554942.221875,3054010.8375,-34448112,1.35
Span:,-24.8999996,Load Case,Mx,My,Mxy,Mz,Fx,Fy,Fxy,Fz,Saftey Factor
Mx,Max,dlc61_U50_Yp8_37,670370040,-74983946.4,674550633.6,44448039.9,552238.7625,-3992038.0875,4030054.0875,-32238186.3,1.35
Mx,Min,dlc61_U50_Ym8_278,-728795577.6,148530866.4,743777164.8,-41688531.9,1804276.18125,4335429.15,4695887.5875,-31923892.8,1.35
My,Max,dlc13_U18_Ym10_353,14951865.6,686874859.2,687037593.6,-16827104.7,4655265.4125,-186128.971875,4658984.6625,-32921642.7,1.35
My,Min,dlc14_U11,154033704,-293811602.4,331740316.8,53062549.2,-1293058.265625,-802301.540625,1521738.225,-32650776,1.35
Mxy,Max,dlc61_U50_Ym8_278,-727973481.6,158360335.2,744998860.8,-40520995.2,1898965.18125,4323346.9875,4722012.1125,-32002578.9,1.35
Mxy,Min,dlc13_U04_Ym10_879,595.501034545899,-7933.8287109375,7956.1458984375,19121927.85,444545.2125,137619.052734375,465359.5125,-32512538.7,1.35
Mz,Max,dlc13_U24_Yp10_735,46454121,42084916.2,62682735.6,82457449.2,1056482.6625,375570.9703125,1121253.384375,-33424471.8,1.35
Mz,Min,dlc13_U24_Ym10_735,-26798787.9,49029624,55875565.8,-90465622.2,747603.84375,362500.0171875,830853.703125,-32090496.3,1.35
Fx,Max,dlc13_U18_Ym10_353,-2538945.675,684662803.2,684667512,-18745303.5,4746656.3625,222166.44140625,4751852.85,-33270947.1,1.35
Fx,Min,dlc14_U11,150998731.2,-292288802.4,328988390.4,53856138.6,-1306955.334375,-780595.059375,1522320.91875,-32632702.2,1.35
Fy,Max,dlc61_U50_Ym8_278,-728795577.6,148530866.4,743777164.8,-41688531.9,1804276.18125,4335429.15,4695887.5875,-31923892.8,1.35
Fy,Min,dlc61_U50_Yp8_37,670370040,-74983946.4,674550633.6,44448039.9,552238.7625,-3992038.0875,4030054.0875,-32238186.3,1.35
Fxy,Max,dlc13_U18_Ym10_353,36466102.8,683313148.8,684285494.4,-20974484.25,4727872.4625,-541827.73125,4758818.85,-33057765.9,1.35
Fxy,Min,dlc64_U04_Yp8_677,48449.03125,-75210968,75210984,19593.33984375,-24.2138633728027,2.48261475563049,24.340799331665,-24171980,1
Fz,Max,dlc64_U34_Yp8_669,98009096,36818592,104696664,10995749,650695.75,-539979.25,845566.4375,-23388970,1
Fz,Min,dlc13_U26_Yp10_839,33239108.7,230791896,233173188,50223553.2,3001346.6625,555623.0859375,3052343.25,-34429195.8,1.35
Span:,-20,Load Case,Mx,My,Mxy,Mz,Fx,Fy,Fxy,Fz,Saftey Factor
Mx,Max,dlc61_U50_Yp8_37,650792145.6,-77693326.2,655413379.2,44434172.7,549982.74375,-4006010.25,4043587.5,-31325540.4,1.35
Mx,Min,dlc61_U50_Ym8_278,-707536382.4,139680612,721192334.4,-41671573.2,1806516.50625,4350390.1875,4710562.0875,-31010601.6,1.35
My,Max,dlc13_U20_Yp10_82,24657817.5,664491945.6,664949304,5587245,4568386.5,-48080.8986328125,4568639.625,-32446102.5,1.35
My,Min,dlc14_U11,151728228,-287488396.8,325070820,52567525.8,-1286893.2375,-820994.23125,1526474.86875,-31750793.1,1.35
Mxy,Max,dlc61_U50_Ym8_278,-706773513.6,149046069.6,722318169.6,-40503396.6,1901316.7125,4338374.175,4736718,-31089274.2,1.35
Mxy,Min,dlc11_U04_Y0_39,-32365.419921875,21992.4243164063,39130.3881835938,6982813.125,593289.375,68256.7919921875,597202.890625,-29468232.5,1.25
Mz,Max,dlc13_U24_Yp10_735,48296061,36908227.8,60784263,82449608.4,1056332.64375,373694.596875,1120484.896875,-32514056.1,1.35
Mz,Min,dlc13_U24_Ym10_735,-25022752.2,45365173.2,51808658.4,-90462911.4,748518.975,362613.796875,831726.73125,-31180040.1,1.35
Fx,Max,dlc13_U18_Ym10_353,-1453070.30625,661385174.4,661386772.8,-18746158.05,4760810.775,222164.9859375,4765991.7375,-32357823.3,1.35
Fx,Min,dlc14_U11,147166286.4,-285878419.2,321534424.8,53855074.8,-1313490.346875,-783844.846875,1529597.925,-31721854.5,1.35
Fy,Max,dlc61_U50_Ym8_278,-707536382.4,139680612,721192334.4,-41671573.2,1806516.50625,4350390.1875,4710562.0875,-31010601.6,1.35
Fy,Min,dlc61_U50_Yp8_37,650792145.6,-77693326.2,655413379.2,44434172.7,549982.74375,-4006010.25,4043587.5,-31325540.4,1.35
Fxy,Max,dlc13_U18_Ym10_353,33806943,660127622.4,660992745.6,-20959938,4742431.875,-541151.1703125,4773207.15,-32144609.7,1.35
Fxy,Min,dlc64_U04_Ym8_347,31295.712890625,-74931816,74931824,198.299407958984,2.48006010055542,7.62551593780518,8.01867771148682,-23498428,1
Fz,Max,dlc64_U34_Yp8_669,95362768,33629756,101118832,10995340,651167.1875,-541361.25,846812.0625,-22714502,1
Fz,Min,dlc13_U26_Yp10_839,35966826.9,216082382.4,219055255.2,50216560.2,3002122.575,553454.6484375,3052712.475,-33518394,1.35
Span:,-19.8999996,Load Case,Mx,My,Mxy,Mz,Fx,Fy,Fxy,Fz,Saftey Factor
Mx,Max,dlc61_U50_Yp8_37,650392156.8,-77748541.2,655022721.6,44433902.7,550853.071875,-4000296.0375,4038045.075,-31307250.6,1.35
Mx,Min,dlc61_U50_Ym8_278,-707102006.4,139499917.2,720731217.6,-41671246.5,1805510.25,4344169.725,4704431.7375,-30992301,1.35
My,Max,dlc13_U20_Yp10_82,24653041.2,664035667.2,664493155.2,5587299,4562544.7125,-47894.6935546875,4562796.15,-32427807.3,1.35
My,Min,dlc14_U11,151646191.2,-287360028,324918993.6,52567498.8,-1284315.496875,-819680.00625,1523594.98125,-31732541.1,1.35
Mxy,Max,dlc61_U50_Ym8_278,-706340347.2,148855903.2,721855108.8,-40503061.8,1900239.075,4332152.025,4730586.6375,-31070970.9,1.35
Mxy,Min,dlc13_U04_Y0_489,-25621.8952148438,-11666.5378417969,28152.9685546875,19106350.2,466773.6375,48879.63984375,469325.9390625,-31704453,1.35
Mz,Max,dlc13_U24_Yp10_735,48333585.6,36802590.3,60750027,82449408.6,1056123.5625,374310.028125,1120493.165625,-32495812.2,1.35
Mz,Min,dlc13_U24_Ym10_735,-24986504.7,45290358.9,51725638.8,-90462835.8,748079.634375,362442.8109375,831256.846875,-31161793.5,1.35
Fx,Max,dlc13_U18_Ym10_353,-1430908.5375,660909628.8,660911184,-18746167.5,4755091.8375,222175.9125,4760279.55,-32339525.4,1.35
Fx,Min,dlc14_U11,147087964.8,-285747372,321382058.4,53855053.2,-1310944.33125,-782568.675,1526757.69375,-31703605.2,1.35
Fy,Max,dlc61_U50_Ym8_278,-707102006.4,139499917.2,720731217.6,-41671246.5,1805510.25,4344169.725,4704431.7375,-30992301,1.35
Fy,Min,dlc61_U50_Yp8_37,650392156.8,-77748541.2,655022721.6,44433902.7,550853.071875,-4000296.0375,4038045.075,-31307250.6,1.35
Fxy,Max,dlc13_U18_Ym10_353,33752708.1,659653934.4,660516897.6,-20959653.15,4736646.1125,-541026.8859375,4767444.3375,-32126314.5,1.35
Fxy,Min,dlc64_U04_Yp8_400,-119754.484375,-75100376,75100472,28773.1328125,-31.2126293182373,-7.65959167480469,32.1387252807617,-23485172,1
Fz,Max,dlc64_U34_Yp8_669,95308720,33564668,101046224,10995333,650914.0625,-540529.9375,846086.1875,-22700986,1
Fz,Min,dlc13_U26_Yp10_839,36022411.8,215782185.6,218768299.2,50216430.6,3000690.9,553971.15,3051397.9125,-33500142,1.35
Span:,-15,Load Case,Mx,My,Mxy,Mz,Fx,Fy,Fxy,Fz,Saftey Factor
Mx,Max,dlc61_U50_Yp8_37,630761904,-80449340.4,635871556.8,44421326.1,548134.7203125,-4017319.2,4054541.4,-30427463.7,1.35
Mx,Min,dlc61_U50_Ym8_278,-685786046.4,130641400.8,698118696,-41656248,1808331.4125,4362851.025,4722767.4375,-30111866.1,1.35
My,Max,dlc13_U20_Yp10_82,24418427.4,641647483.2,642111969.6,5589956.8125,4580486.2125,-48210.282421875,4580739.675,-31547593.8,1.35
My,Min,dlc14_U11,147619357.2,-281055117.6,317464099.2,52566229.8,-1292444.353125,-823825.603125,1532677.6125,-30854555.1,1.35
Mxy,Max,dlc61_U50_Ym8_278,-685083225.6,139533138,699148454.4,-40487823,1903112.55,4350921.75,4748932.125,-30190522.5,1.35
Mxy,Min,dlc11_U04_Yp10_295,-8860.1220703125,-18820.17578125,20801.4624023438,6610182.5,600831.0546875,66190.1904296875,604465.9765625,-28639170,1.25
Mz,Max,dlc13_U24_Yp10_735,50167463.4,31628202.3,59305289.4,82437804,1055197.96875,371363.4,1118639.109375,-31618274.4,1.35
Mz,Min,dlc13_U24_Ym10_735,-23210933.4,41622889.5,47657235.6,-90458137.8,749334.796875,362247.01875,832301.325,-30284212.5,1.35
Fx,Max,dlc13_U18_Ym10_353,-345119.7375,637579555.2,637579641.6,-18746226.9,4771675.2375,222050.784375,4776838.9875,-31459268.7,1.35
Fx,Min,dlc14_U11,143242959.6,-279312040.8,313900876.8,53854102.8,-1318935.740625,-786652.425,1535712.75,-30825621.9,1.35
Fy,Max,dlc61_U50_Ym8_278,-685786046.4,130641400.8,698118696,-41656248,1808331.4125,4362851.025,4722767.4375,-30111866.1,1.35
Fy,Min,dlc61_U50_Yp8_37,630761904,-80449340.4,635871556.8,44421326.1,548134.7203125,-4017319.2,4054541.4,-30427463.7,1.35
Fxy,Max,dlc13_U18_Ym10_353,31098629.7,636413932.8,637173302.4,-20946188.25,4753805.9625,-539228.053125,4784290.65,-31246025.4,1.35
Fxy,Min,dlc64_U04_Yp8_988,-32611.87890625,-74610536,74610544,-17571.96484375,4.00489807128906,-2.11405229568481,4.52862310409546,-22831596,1
Fz,Max,dlc64_U34_Yp8_669,92658864,30374436,97510368,10995113,651483.5625,-542047.625,847494.1875,-22050872,1
Fz,Min,dlc13_U26_Yp10_839,38737307.7,201071764.8,204769209.6,50210566.2,3001243.3875,549385.4953125,3051112.3875,-32622223.5,1.35
Span:,-14.8999996,Load Case,Mx,My,Mxy,Mz,Fx,Fy,Fxy,Fz,Saftey Factor
Mx,Max,dlc61_U50_Yp8_37,630360576,-80504344.8,635480467.2,44421083.1,548791.3265625,-4013154.45,4050503.55,-30409851.6,1.35
Mx,Min,dlc61_U50_Ym8_278,-685350244.8,130460500.8,697656715.2,-41655961.8,1807614.225,4358313.3375,4718300.9625,-30094243.2,1.35
My,Max,dlc13_U20_Yp10_82,24413626.8,641189822.4,641654438.4,5590011.4875,4576239.7875,-48064.2609375,4576492.2375,-31529976.3,1.35
My,Min,dlc14_U11,147537007.2,-280926100.8,317311581.6,52566208.2,-1290565.153125,-822869.971875,1530579.54375,-30836980.8,1.35
Mxy,Max,dlc61_U50_Ym8_278,-684648633.6,139342766.4,698684616,-40487534.1,1902340.51875,4346383.3875,4744464.975,-30172896.9,1.35
Mxy,Min,dlc11_U04_Ym10_295,16650.6567382813,10390.2209472656,19626.5393066406,2369716.71875,549724.8828125,50284.2431640625,552019.8828125,-28574617.5,1.25
Mz,Max,dlc13_U24_Yp10_735,50204755.8,31522653.9,59280649.2,82437528.6,1055037.909375,371800.29375,1118633.2875,-31600708.2,1.35
Mz,Min,dlc13_U24_Ym10_735,-23174710.2,41547991.5,47574183.6,-90458019,749034.253125,362114.296875,831973.021875,-30266646.3,1.35
Fx,Max,dlc13_U18_Ym10_353,-322966.4484375,637102756.8,637102843.2,-18746220.15,4767511.1625,222061.47890625,4772679.975,-31441645.8,1.35
Fx,Min,dlc14_U11,143164324.8,-279180388.8,313747840.8,53854081.2,-1317072.909375,-785722.021875,1533636.28125,-30808047.6,1.35
Fy,Max,dlc61_U50_Ym8_278,-685350244.8,130460500.8,697656715.2,-41655961.8,1807614.225,4358313.3375,4718300.9625,-30094243.2,1.35
Fy,Min,dlc61_U50_Yp8_37,630360576,-80504344.8,635480467.2,44421083.1,548791.3265625,-4013154.45,4050503.55,-30409851.6,1.35
Fxy,Max,dlc13_U18_Ym10_353,31044559.5,635938948.8,636696244.8,-20945925,4749594.3,-539099.04375,4780091.475,-31228407.9,1.35
Fxy,Min,dlc64_U04_Ym8_988,-49036.73828125,-75120920,75120936,-43596.05078125,-5.96999740600586,4.17710494995117,7.28622484207153,-22821884,1
Fz,Max,dlc64_U34_Yp8_669,92604728,30309306,97438648,10995110,651311.9375,-541437,846971.8125,-22037858,1
Fz,Min,dlc13_U26_Yp10_839,38792490.3,200771546.4,204484888.8,50210458.2,3000132.3375,549731.896875,3050082,-32604651.9,1.35
Span:,-10,Load Case,Mx,My,Mxy,Mz,Fx,Fy,Fxy,Fz,Saftey Factor
Mx,Max,dlc61_U50_Yp8_37,610654939.2,-83193161.4,616295865.6,44409810.6,545579.6765625,-4033429.7625,4070161.2375,-29563639.2,1.35
Mx,Min,dlc61_U50_Ym8_278,-663951859.2,121589629.2,674993390.4,-41642920.8,1810953.7875,4380390.225,4739975.8875,-29247380.1,1.35
My,Max,dlc13_U20_Yp10_82,24178146.3,618722928,619195147.2,5592712.1625,4596998.7375,-48258.9984375,4597252.2,-30683340,1.35
My,Min,dlc14_U11,143491348.8,-274584686.4,309816921.6,52565101.2,-1300358.896875,-827945.128125,1541566.18125,-29992580.1,1.35
Mxy,Max,dlc61_U50_Ym8_278,-663308611.2,130007732.4,675929232,-40474638.9,1905631.3125,4368581.4375,4766123.7,-29326017.6,1.35
Mxy,Min,dlc11_U04_Y0_39,18659.5495605469,18507.7563476563,26281.474609375,7747819.375,556696.5625,70621.2158203125,561158.125,-27861127.5,1.25
Mz,Max,dlc13_U24_Yp10_735,52023324.6,26354964.6,58318185.6,82422327.6,1053045.39375,367391.6578125,1115294.23125,-30756766.5,1.35
Mz,Min,dlc13_U24_Ym10_735,-21401274.6,37874835.9,43503077.7,-90451414.8,750751.70625,361491.8625,833249.3625,-29422664.1,1.35
Fx,Max,dlc13_U18_Ym10_353,761988.6,613700971.2,613701446.4,-18745506,4786488.7875,221766.1453125,4791623.5125,-30594971.7,1.35
Fx,Min,dlc14_U11,139301348.4,-272710562.4,306228535.2,53853244.2,-1326122.296875,-790481.278125,1543846.1625,-29963657.7,1.35
Fy,Max,dlc61_U50_Ym8_278,-663951859.2,121589629.2,674993390.4,-41642920.8,1810953.7875,4380390.225,4739975.8875,-29247380.1,1.35
Fy,Min,dlc61_U50_Yp8_37,610654939.2,-83193161.4,616295865.6,44409810.6,545579.6765625,-4033429.7625,4070161.2375,-29563639.2,1.35
Fxy,Max,dlc13_U18_Ym10_353,28402358.4,612625334.4,613283356.8,-20933549.55,4768850.3625,-535728.3890625,4798847.7,-30381704.1,1.35
Fxy,Min,dlc64_U04_Ym8_677,-138582.5625,-74769080,74769208,47112.41015625,6.89053773880005,-20.3364696502686,21.472110748291,-22194986,1
Fz,Max,dlc64_U34_Yp8_669,89945064,27115366,93943376,10995073,652564.5,-544930,850170,-21412628,1
Fz,Min,dlc13_U26_Yp10_839,41482049.4,186067216.8,190635163.2,50205706.2,2997594.675,542893.3875,3046359.7125,-31760337.6,1.35
Span:,-9.8999996,Load Case,Mx,My,Mxy,Mz,Fx,Fy,Fxy,Fz,Saftey Factor
Mx,Max,dlc61_U50_Yp8_37,610251840,-83247885,615903825.6,44409594.6,546006.65625,-4030824.9375,4067637.075,-29546715.6,1.35
Mx,Min,dlc61_U50_Ym8_278,-663514156.8,121408426.8,674530243.2,-41642675.1,1810516.89375,4377553.5375,4737187.8,-29230445.7,1.35
My,Max,dlc13_U20_Yp10_82,24173334.9,618263452.8,618735844.8,5592767.5125,4594352.0625,-48156.008203125,4594604.175,-30666411,1.35
My,Min,dlc14_U11,143408545.2,-274454805.6,309663432,52565079.6,-1299174.609375,-827345.896875,1540245.375,-29975697,1.35
Mxy,Max,dlc61_U50_Ym8_278,-662872075.2,129817069.2,675464184,-40474398.6,1905155.94375,4365746.1,4763334.9375,-29309083.2,1.35
Mxy,Min,dlc11_U06_Yp10_680,19855.8618164063,6425.24475097656,20869.5703125,-2968752.8125,561715.4296875,46853.662109375,563666.1328125,-27737617.5,1.25
Mz,Max,dlc13_U24_Yp10_735,52060217.4,26249607.9,58303584,82421982,1052927.859375,367599.009375,1115251.5375,-30739891.5,1.35
Mz,Min,dlc13_U24_Ym10_735,-21365117.55,37799792.1,43419955.5,-90451263.6,750582.7875,361393.2703125,833054.371875,-29405786.4,1.35
Fx,Max,dlc13_U18_Ym10_353,784115.521875,613222488,613223006.4,-18745484.4,4783873.8375,221772.15703125,4789011.6,-30578042.7,1.35
Fx,Min,dlc14_U11,139222292.4,-272578111.2,306074613.6,53853228,-1324951.171875,-789901.2,1542543.075,-29946771.9,1.35
Fy,Max,dlc61_U50_Ym8_278,-663514156.8,121408426.8,674530243.2,-41642675.1,1810516.89375,4377553.5375,4737187.8,-29230445.7,1.35
Fy,Min,dlc61_U50_Yp8_37,610251840,-83247885,615903825.6,44409594.6,546006.65625,-4030824.9375,4067637.075,-29546715.6,1.35
Fxy,Max,dlc13_U18_Ym10_353,28348617.6,612148665.6,612804700.8,-20933307.9,4766207.0625,-535587.69375,4796205.4125,-30364775.1,1.35
Fxy,Min,dlc64_U04_Yp8_988,86735.5625,-74781864,74781912,68226.484375,-14.717173576355,-4.42809820175171,15.3689050674438,-22177230,1
Fz,Max,dlc64_U34_Yp8_669,89890624,27050124,93872432,10995075,652471.125,-544553.9375,849857.375,-21400126,1
Fz,Min,dlc13_U26_Yp10_839,41536589.4,185767279.2,190354320,50205619.8,2996787.7125,543045.9375,3045592.575,-31743454.5,1.35
Span:,-5,Load Case,Mx,My,Mxy,Mz,Fx,Fy,Fxy,Fz,Saftey Factor
Mx,Max,dlc61_U50_Yp8_37,590447404.8,-85921138.8,596666217.6,44399650.5,542304.4921875,-4054278.15,4090386.9375,-28734569.1,1.35
Mx,Min,dlc61_U50_Ym8_278,-642008160,112521333.6,651794083.2,-41631605.1,1814371.48125,4403098.2375,4762270.125,-28417645.8,1.35
My,Max,dlc13_U20_Yp10_82,23937495.3,595696550.4,596177323.2,5595501.2625,4617829.2375,-48183.1189453125,4618080.675,-29853851.4,1.35
My,Min,dlc14_U11,139338100.8,-268066087.2,302116759.2,52564140,-1310288.146875,-833194.603125,1552761.5625,-29165386.5,1.35
Mxy,Max,dlc61_U50_Ym8_278,-641423793.6,120466418.4,652638211.2,-40463844.3,1908830.1375,4391452.4625,4788370.0125,-28496267.1,1.35
Mxy,Min,dlc13_U04_Ym10_879,-10015.1740722656,-21543.4344726563,23757.5953125,4378262.2875,621680.6953125,159476.966015625,641809.7859375,-29136707.1,1.35
Mz,Max,dlc13_U24_Yp10_735,53854227,21094356.15,57838131,82403357.4,1049628.965625,361399.4296875,1110103.81875,-29930050.8,1.35
Mz,Min,dlc13_U24_Ym10_735,-19596022.2,34117780.5,39344975.1,-90442845,752858.71875,360252.0984375,834612.35625,-28595899.8,1.35
Fx,Max,dlc13_U18_Ym10_353,1867263.80625,589730716.8,589733654.4,-18744025.05,4804856.55,221267.42578125,4809948.4125,-29765450.7,1.35
Fx,Min,dlc14_U11,135335318.4,-266063464.8,298505304,53852515.2,-1335775.134375,-795729.65625,1554825.0375,-29136466.8,1.35
Fy,Max,dlc61_U50_Ym8_278,-642008160,112521333.6,651794083.2,-41631605.1,1814371.48125,4403098.2375,4762270.125,-28417645.8,1.35
Fy,Min,dlc61_U50_Yp8_37,590447404.8,-85921138.8,596666217.6,44399650.5,542304.4921875,-4054278.15,4090386.9375,-28734569.1,1.35
Fxy,Max,dlc13_U18_Ym10_353,25727095.8,588743164.8,589305024,-20922030,4787724.7125,-530289.534375,4817002.5,-29552150.7,1.35
Fxy,Min,dlc64_U04_Yp8_988,-6898.60302734375,-74104328,74104328,-34843.71875,-15.1075105667114,4.60716247558594,15.7943925857544,-21580604,1
Fz,Max,dlc64_U34_Yp8_669,87213680,23849782,90415920,10995217,653983.4375,-548650.5625,853646.125,-20800152,1
Fz,Min,dlc13_U26_Yp10_839,44187997.5,171086407.2,176700700.8,50201958.6,2989799.1,533720.5171875,3037063.6125,-30933249.3,1.35
Span:,-4.9000001,Load Case,Mx,My,Mxy,Mz,Fx,Fy,Fxy,Fz,Saftey Factor
Mx,Max,dlc61_U50_Yp8_37,590042059.2,-85975511.4,596272924.8,44399461.5,542481.9328125,-4053259.9125,4089401.4375,-28718342.1,1.35
Mx,Min,dlc61_U50_Ym8_278,-641567995.2,112339764,651329164.8,-41631399.9,1814205.76875,4401985.8375,4761178.65,-28401402.6,1.35
My,Max,dlc13_U20_Yp10_82,23932681.2,595234828.8,595715774.4,5595557.2875,4616787.0375,-48126.7353515625,4617037.8,-29837616.3,1.35
My,Min,dlc14_U11,139254735.6,-267935148,301962124.8,52564123.8,-1309829.821875,-832967.128125,1552252.6125,-29149194.6,1.35
Mxy,Max,dlc61_U50_Ym8_278,-640984752,120275398.8,652171478.4,-40463652.6,1908641.64375,4390344.7875,4787278.875,-28480023.9,1.35
Mxy,Min,dlc13_U04_Yp10_879,-4858.77293701172,-16608.3275390625,17304.4568847656,1306481.4,772755.778125,55579.90078125,774751.921875,-29263023.9,1.35
Mz,Max,dlc13_U24_Yp10_735,53890509.6,20989319.4,57833713.8,82402941.6,1049526.28125,361396.771875,1110005.859375,-29913869.7,1.35
Mz,Min,dlc13_U24_Ym10_735,-19559978.55,34042518,39261761.1,-90442656,752847.328125,360196.959375,834578.353125,-28579716,1.35
Fx,Max,dlc13_U18_Ym10_353,1889342.2125,589250203.2,589253227.2,-18743988.6,4803793.7625,221264.00859375,4808886.975,-29749212.9,1.35
Fx,Min,dlc14_U11,135255700.8,-265929955.2,298350194.4,53852499,-1335319.340625,-795512.053125,1554322.1625,-29120274.9,1.35
Fy,Max,dlc61_U50_Ym8_278,-641567995.2,112339764,651329164.8,-41631399.9,1814205.76875,4401985.8375,4761178.65,-28401402.6,1.35
Fy,Min,dlc61_U50_Yp8_37,590042059.2,-85975511.4,596272924.8,44399461.5,542481.9328125,-4053259.9125,4089401.4375,-28718342.1,1.35
Fxy,Max,dlc13_U18_Ym10_353,25673878.8,588264422.4,588824380.8,-20921811.3,4786659.9,-530132.3859375,4815927.225,-29535912.9,1.35
Fxy,Min,dlc64_U04_Yp8_347,-20373.326171875,-74488152,74488152,51438.78125,10.3399562835693,0.298800259828568,10.3442726135254,-21571174,1
Fz,Max,dlc64_U34_Yp8_669,87158840,23784392,90345784,10995222,653962.25,-548517.75,853544.5625,-20788164,1
Fz,Min,dlc13_U26_Yp10_839,44241614.1,170787182.4,176424436.8,50201899.2,2989281.375,533655.590625,3036542.85,-30917060.1,1.35
Span:,0,Load Case,Mx,My,Mxy,Mz,Fx,Fy,Fxy,Fz,Saftey Factor
Mx,Max,dlc61_U50_Yp8_37,570115324.8,-88629481.8,576963345.6,44390875.5,538264.321875,-4079943.3375,4115296.4625,-27940091.4,1.35
Mx,Min,dlc61_U50_Ym8_278,-619929288,103432712.4,628498699.2,-41622322.5,1818532.18125,4430852.55,4789521.225,-27622495.8,1.35
My,Max,dlc13_U20_Yp10_82,23697168.3,572546707.2,573036897.6,5598315,4642997.625,-47955.4646484375,4643245.0125,-29058963.3,1.35
My,Min,dlc14_U11,135153403.2,-261488239.2,294351062.4,52563357,-1322614.74375,-839784.20625,1566699.46875,-28372796.1,1.35
Mxy,Max,dlc61_U50_Ym8_278,-619402852.8,110906031.6,629253576,-40455444.6,1912629.54375,4419420.075,4815540.1125,-27701100.9,1.35
Mxy,Min,dlc13_U06_Yp10_970,-12385.7674804688,3917.225390625,12990.4541015625,5228352.225,642608.015625,-77286.687890625,647238.9796875,-28367725.5,1.35
Mz,Max,dlc13_U24_Yp10_735,55643252.4,15851907.9,57857187.6,82381060.8,1045348.115625,350656.2140625,1102593.6,-29137954.5,1.35
Mz,Min,dlc13_U24_Ym10_735,-17797774.95,30347948.7,35181796.5,-90432509.4,755753.203125,358467.946875,836458.059375,-27803757.6,1.35
Fx,Max,dlc13_U18_Ym10_353,2969503.875,565651512,565659331.2,-18741808.35,4826624.625,220516.48828125,4831659.45,-28970532.9,1.35
Fx,Min,dlc14_U11,131337871.2,-259358716.8,290717359.2,53851910.4,-1347718.246875,-802337.4,1568467.29375,-28343884.5,1.35
Fy,Max,dlc61_U50_Ym8_278,-619929288,103432712.4,628498699.2,-41622322.5,1818532.18125,4430852.55,4789521.225,-27622495.8,1.35
Fy,Min,dlc61_U50_Yp8_37,570115324.8,-88629481.8,576963345.6,44390875.5,538264.321875,-4079943.3375,4115296.4625,-27940091.4,1.35
Fxy,Max,dlc13_U18_Ym10_353,23083425.9,564748761.6,565220332.8,-20911641.75,4810255.2,-522622.040625,4838562.675,-28757203.2,1.35
Fxy,Min,dlc64_U04_Yp8_835,100196.8046875,-73850840,73850912,57623.37109375,17.7739505767822,-26.353910446167,31.7874488830566,-20993928,1
Fz,Max,dlc64_U34_Yp8_669,84461384,20576296,86931632,10995540,655625.1875,-552834.3125,857595.5625,-20213320,1
Fz,Min,dlc13_U26_Yp10_839,46838919.6,156148452,163022155.2,50199318,2978708.175,520841.30625,3023901.1125,-30140793.9,1.35
Span:,0.1,Load Case,Mx,My,Mxy,Mz,Fx,Fy,Fxy,Fz,Saftey Factor
Mx,Max,dlc61_U50_Yp8_37,569707257.6,-88683422.4,576568368,44390716.2,538199.521875,-4080132,4115475,-27924552.9,1.35
Mx,Min,dlc61_U50_Ym8_278,-619486142.4,103250710.8,628031664,-41622157.8,1818347.4,4431026.3625,4789611.675,-27606943.8,1.35
My,Max,dlc13_U20_Yp10_82,23692370.4,572082307.2,572572713.6,5598371.3625,4643173.8,-47971.986328125,4643421.525,-29043416.7,1.35
My,Min,dlc14_U11,135069346.8,-261355982.4,294194959.2,52563346.2,-1322778.853125,-839741.428125,1566815.0625,-28357295.4,1.35
Mxy,Max,dlc61_U50_Ym8_278,-618960873.6,110714623.2,628784769.6,-40455301.5,1912456.06875,4419601.65,4815637.65,-27685548.9,1.35
Mxy,Min,dlc13_U06_Y0_217,2155.39694824219,4109.45635986328,4640.40615234375,-6601387.95,818505.253125,117709.284375,826925.878125,-28480912.2,1.35
Mz,Max,dlc13_U24_Yp10_735,55678455,15747284.25,57862485,82380580.2,1045228.3875,350470.8,1102421.053125,-29122464.6,1.35
Mz,Min,dlc13_U24_Ym10_735,-17761901.4,30272394.6,35098474.5,-90432288,755778.346875,358427.2359375,836463.375,-27788265,1.35
Fx,Max,dlc13_U18_Ym10_353,2991506.85,565168708.8,565176657.6,-18741757.05,4826736,220471.01015625,4831768.4625,-28954986.3,1.35
Fx,Min,dlc14_U11,131257562.4,-259223954.4,290560845.6,53851899.6,-1347872.484375,-802296.646875,1568579.00625,-28328383.8,1.35
Fy,Max,dlc61_U50_Ym8_278,-619486142.4,103250710.8,628031664,-41622157.8,1818347.4,4431026.3625,4789611.675,-27606943.8,1.35
Fy,Min,dlc61_U50_Yp8_37,569707257.6,-88683422.4,576568368,44390716.2,538199.521875,-4080132,4115475,-27924552.9,1.35
Fxy,Max,dlc13_U18_Ym10_353,23030956.8,564267643.2,564737443.2,-20911444.65,4810387.1625,-522456.4546875,4838675.7375,-28741653.9,1.35
Fxy,Min,dlc64_U04_Yp8_835,100194.28125,-73850840,73850912,57623.45703125,-21.9964828491211,-25.2925281524658,33.5195045471191,-20982452,1
Fz,Max,dlc64_U34_Yp8_669,84406104,20510738,86862424,10995548,655631.0625,-552880.6875,857629.9375,-20201844,1
Fz,Min,dlc13_U26_Yp10_839,46891245.6,155850274.8,162751636.8,50199274.8,2978355.15,520589.278125,3023509.95,-30125295.9,1.35
Span:,5,Load Case,Mx,My,Mxy,Mz,Fx,Fy,Fxy,Fz,Saftey Factor
Mx,Max,dlc61_U50_Yp8_37,549696240,-91300035.6,557226734.4,44383520.7,524968.59375,-4084690.95,4118287.3875,-27180054.9,1.35
Mx,Min,dlc61_U50_Ym8_278,-597761337.6,94390088.4,605167848,-41615075.7,1792084.33125,4434069.2625,4782524.175,-26861784.3,1.35
My,Max,dlc13_U20_Yp10_82,23456196,549309384,549809942.4,5601143.5875,4649255.8875,-48088.83515625,4649504.625,-28298527.2,1.35
My,Min,dlc14_U11,132189073.2,-254855505.6,287098041.6,52016002.2,-1318136.203125,-851269.078125,1569121.36875,-27624342.6,1.35
Mxy,Max,dlc61_U50_Ym8_278,-597292142.4,101389708.8,605836411.2,-40449434.4,1887298.48125,4422535.5375,4808400.6375,-26940373.2,1.35
Mxy,Min,dlc13_U04_Yp10_149,7232.867578125,16351.5071777344,17879.769140625,275744.98828125,508317.5671875,135654.159375,526107.234375,-27561872.7,1.35
Mz,Max,dlc13_U24_Yp10_735,57380853.6,10640066.175,58359004.2,82355616,1036474.565625,341239.68984375,1091203.059375,-28380329.1,1.35
Mz,Min,dlc13_U24_Ym10_735,-16010030.7,26573983.2,31024144.8,-90420505.2,753786.253125,355820.259375,833547.7125,-27046086.3,1.35
Fx,Max,dlc13_U18_Ym10_353,4062594.825,541502884.8,541518134.4,-18738881.55,4828862.25,217487.9953125,4833757.6875,-28210077.9,1.35
Fx,Min,dlc14_U11,127332313.2,-252599817.6,282878395.2,53851440.6,-1356133.303125,-797837.34375,1573417.40625,-27585759.6,1.35
Fy,Max,dlc61_U50_Ym8_278,-597761337.6,94390088.4,605167848,-41615075.7,1792084.33125,4434069.2625,4782524.175,-26861784.3,1.35
Fy,Min,dlc61_U50_Yp8_37,549696240,-91300035.6,557226734.4,44383520.7,524968.59375,-4084690.95,4118287.3875,-27180054.9,1.35
Fxy,Max,dlc13_U18_Ym10_353,20480974.2,540680270.4,541068033.6,-20902390.2,4813465.5,-513455.2453125,4840773.3,-27996713.1,1.35
Fxy,Min,dlc64_U06_Yp8_468,354109.15625,-73875800,73876648,205005.515625,-1.874640583992,25.4750003814697,25.5438823699951,-20426552,1
Fz,Max,dlc64_U34_Yp8_669,81692864,17304216,83505448,10996037,652391.5,-554505.4375,856207.3125,-19652022,1
Fz,Min,dlc13_U26_Yp10_839,49422819.6,141289768.8,149684382,50197752,2955985.9875,507079.0265625,2999163.7125,-29382825.6,1.35
Span:,5.0999999,Load Case,Mx,My,Mxy,Mz,Fx,Fy,Fxy,Fz,Saftey Factor
Mx,Max,dlc61_U50_Yp8_37,549287654.4,-91352620.8,556832318.4,44383388.4,524537.9015625,-4084703.4375,4118244.8625,-27165083.4,1.35
Mx,Min,dlc61_U50_Ym8_278,-597317889.6,94210765.2,604701849.6,-41614951.5,1791354.99375,4434052.725,4782235.6125,-26846802,1.35
My,Max,dlc13_U20_Yp10_82,23451381.9,548844336,549345153.6,5601200.2875,4649343.3,-48075.9521484375,4649591.7,-28283547.6,1.35
My,Min,dlc14_U11,132103872,-254723724,286941808.8,52015991.4,-1318322.25,-851148.675,1569212.49375,-27609408.9,1.35
Mxy,Max,dlc61_U50_Ym8_278,-596849860.8,101200860,605368771.2,-40449339.9,1886591.08125,4422506.85,4808096.55,-26925388.2,1.35
Mxy,Min,dlc11_U04_Ym10_917,-11943.1030273438,19622.8820800781,22971.6162109375,8079380.625,504319.6875,56909.2626953125,507520.46875,-25526860,1.25
Mz,Max,dlc13_U24_Yp10_735,57415122,10536320.7,58373881.2,82355076,1036246.078125,341042.67421875,1090924.36875,-28365406.2,1.35
Mz,Min,dlc13_U24_Ym10_735,-15974419.05,26498637,30941233.2,-90420251.4,753712.93125,355756.1765625,833453.971875,-27031160.7,1.35
Fx,Max,dlc13_U18_Ym10_353,4084296.075,541019865.6,541035288,-18738815.4,4828850.775,217419.3984375,4833743.175,-28195101,1.35
Fx,Min,dlc14_U11,127252458,-252464212.8,282721363.2,53851429.8,-1356303.571875,-797722.59375,1573505.83125,-27570825.9,1.35
Fy,Max,dlc61_U50_Ym8_278,-597317889.6,94210765.2,604701849.6,-41614951.5,1791354.99375,4434052.725,4782235.6125,-26846802,1.35
Fy,Min,dlc61_U50_Yp8_37,549287654.4,-91352620.8,556832318.4,44383388.4,524537.9015625,-4084703.4375,4118244.8625,-27165083.4,1.35
Fxy,Max,dlc13_U18_Ym10_353,20429409.6,540198806.4,540584971.2,-20902217.4,4813469.8875,-513246.0796875,4840755.75,-27981733.5,1.35
Fxy,Min,dlc64_U06_Yp8_354,87400.265625,-73775664,73775720,-6110.17919921875,22.9139499664307,-0.918841898441315,22.9323673248291,-20413864,1
Fz,Max,dlc64_U34_Yp8_669,81637424,17238988,83437712,10996049,652271.5,-554527.125,856129.9375,-19640966,1
Fz,Min,dlc13_U26_Yp10_839,49473774,140993827.2,149421931.2,50197735.8,2955431.1375,506776.1625,2998565.6625,-29367894.6,1.35
Span:,10,Load Case,Mx,My,Mxy,Mz,Fx,Fy,Fxy,Fz,Saftey Factor
Mx,Max,dlc61_U50_Yp8_37,529270156.8,-93869517.6,537529867.2,44377659,499263.159375,-4083136.7625,4113546.8625,-26442425.7,1.35
Mx,Min,dlc61_U50_Ym8_278,-575593473.6,85516511.4,581911430.4,-41609959.2,1753736.0625,4431236.625,4765652.8875,-26123496.3,1.35
My,Max,dlc13_U20_Yp10_82,23217845.4,526048862.4,526560955.2,5603987.3625,4652193.825,-46919.9091796875,4652430.4125,-27560517.3,1.35
My,Min,dlc14_U11,127944338.4,-248242860,279274543.2,52015575.6,-1327218.496875,-844830.84375,1573292.025,-26888592.6,1.35
Mxy,Max,dlc61_U50_Ym8_278,-575184067.2,92037362.4,582501153.6,-40445935.2,1849709.25,4418891.8875,4790410.2,-26202069,1.35
Mxy,Min,dlc13_U20_Ym10_184,20409.3026367188,23954.0203125,31469.5836914063,-1987675.03125,806194.096875,431347.5703125,914335.59375,-26977455,1.35
Mz,Max,dlc13_U24_Yp10_735,59068936.8,5482939.275,59322861,82326801.6,1023462,330488.60625,1075498.59375,-27645092.1,1.35
Mz,Min,dlc13_U24_Ym10_735,-14237943.75,22816201.5,26894203.2,-90406724.4,749922.553125,352116.38671875,828474.328125,-26310800.7,1.35
Fx,Max,dlc13_U18_Ym10_353,5139252.225,517355078.4,517380652.8,-18735198.75,4826198.3625,214000.24921875,4830940.575,-27472059.9,1.35
Fx,Min,dlc14_U11,123354025.2,-245798733.6,275014980,53851095,-1364368.55625,-791740.996875,1577452.21875,-26850017.7,1.35
Fy,Max,dlc61_U50_Ym8_278,-575593473.6,85516511.4,581911430.4,-41609959.2,1753736.0625,4431236.625,4765652.8875,-26123496.3,1.35
Fy,Min,dlc61_U50_Yp8_37,529270156.8,-93869517.6,537529867.2,44377659,499263.159375,-4083136.7625,4113546.8625,-26442425.7,1.35
Fxy,Max,dlc13_U18_Ym10_353,17930548.8,516608625.6,516919665.6,-20894317.2,4811441.5125,-501397.4671875,4837496.175,-27258660,1.35
Fxy,Min,dlc64_U08_Yp8_569,-353650.15625,-73780312,73781160,-137999.25,0.174191877245903,10.044487953186,10.0459985733032,-19886048,1
Fz,Max,dlc64_U34_Yp8_669,78918640,14059425,80161208,10996718,645284,-555176.25,851241.5,-19107306,1
Fz,Min,dlc13_U26_Yp10_839,51931135.8,126566377.2,136806040.8,50197336.2,2923961.2875,490327.5515625,2964788.325,-28647267.3,1.35
Span:,10.1000004,Load Case,Mx,My,Mxy,Mz,Fx,Fy,Fxy,Fz,Saftey Factor
Mx,Max,dlc61_U50_Yp8_37,528861787.2,-93919521.6,537136531.2,44377559.1,498663,-4083061.1625,4113399.0375,-26427883.5,1.35
Mx,Min,dlc61_U50_Ym8_278,-575150328,85341033,581447332.8,-41609878.2,1752931.125,4431139.425,4765266.45,-26108940.6,1.35
My,Max,dlc13_U20_Yp10_82,23213147.4,525583555.2,526095907.2,5604044.4,4652222.5125,-46885.60546875,4652458.7625,-27545967,1.35
My,Min,dlc14_U11,127859774.4,-248110149.6,279117835.2,52015570.2,-1327395.43125,-844693.65,1573367.79375,-26874088.2,1.35
Mxy,Max,dlc61_U50_Ym8_278,-574742131.2,91852272,582035544,-40445889.3,1848912.075,4418773.0875,4789992.7125,-26187513.3,1.35
Mxy,Min,dlc13_U06_Ym10_927,24409.3104492188,-45923.6830078125,52007.684765625,-10701946.8,749901.375,29123.982421875,750466.6875,-27017782.2,1.35
Mz,Max,dlc13_U24_Yp10_735,59102136,5380484.0625,59346540,82326191.4,1023168.54375,330254.14921875,1075147.340625,-27630595.8,1.35
Mz,Min,dlc13_U24_Ym10_735,-14202699.3,22741246.8,26811955.8,-90406427.4,749841.46875,352031.75859375,828364.978125,-26296304.4,1.35
Fx,Max,dlc13_U18_Ym10_353,5160607.875,516872275.2,516898065.6,-18735117.75,4826100.15,213929.26875,4830839.325,-27457509.6,1.35
Fx,Min,dlc14_U11,123274774.8,-245662308,274857494.4,53851089.6,-1364527.265625,-791611.81875,1577524.6125,-26835513.3,1.35
Fy,Max,dlc61_U50_Ym8_278,-575150328,85341033,581447332.8,-41609878.2,1752931.125,4431139.425,4765266.45,-26108940.6,1.35
Fy,Min,dlc61_U50_Yp8_37,528861787.2,-93919521.6,537136531.2,44377559.1,498663,-4083061.1625,4113399.0375,-26427883.5,1.35
Fxy,Max,dlc13_U18_Ym10_353,17880181.65,516127334.4,516436948.8,-20894167.35,4811355.45,-501122.4046875,4837382.1,-27244109.7,1.35
Fxy,Min,dlc64_U06_Ym8_429,-135879.84375,-73240832,73240952,58286.5,20.3779678344727,6.05312061309814,21.2579822540283,-19880850,1
Fz,Max,dlc64_U34_Yp8_669,78863136,13994912,80095264,10996733,645119.125,-555181,851119.625,-19096566,1
Fz,Min,dlc13_U26_Yp10_839,51980421.6,126273610.8,136553979.6,50197341.6,2923229.925,489958.4109375,2964006,-28632765.6,1.35
Span:,15,Load Case,Mx,My,Mxy,Mz,Fx,Fy,Fxy,Fz,Saftey Factor
Mx,Max,dlc61_U50_Yp8_37,508858891.2,-96292098,517889505.6,44373222.9,466933.6546875,-4079302.0875,4105938.9375,-25725359.7,1.35
Mx,Min,dlc61_U50_Ym8_278,-553447425.6,76840558.2,558756230.4,-41606848.8,1713837.15,4425519.0375,4745782.9125,-25405790.4,1.35
My,Max,dlc13_U20_Yp10_82,22987424.7,502781083.2,503306308.8,5606851.05,4651879.6125,-44956.1232421875,4652096.9625,-26843089.5,1.35
My,Min,dlc14_U11,123733699.2,-241585848,271429099.2,52015343.4,-1335792.853125,-837658.29375,1576709.8875,-26173376.1,1.35
Mxy,Max,dlc61_U50_Ym8_278,-553102171.2,82880577,559277395.2,-40444820.1,1809834.80625,4412357.8875,4769109.225,-25484349.6,1.35
Mxy,Min,dlc13_U04_Yp10_149,-9537.47380371094,-34460.4849609375,35755.9576171875,-9241391.925,782450.38125,81755.694140625,786709.96875,-26230478.4,1.35
Mz,Max,dlc13_U24_Yp10_735,60698273.4,397910.896875,60699580.2,82294655.4,1007448.13125,317461.359375,1056282.8625,-26930385.9,1.35
Mz,Min,dlc13_U24_Ym10_735,-12487150.35,19078984.35,22802118.3,-90391188.6,745671.825,347128.790625,822511.29375,-25596048.6,1.35
Fx,Max,dlc13_U18_Ym10_353,6198411.6,493230816,493269782.4,-18730777.5,4819151.3625,210443.71640625,4823744.0625,-26754642.9,1.35
Fx,Min,dlc14_U11,119407878,-238957905.6,267131282.4,53850868.2,-1371926.446875,-785019.346875,1580644.63125,-26134809.3,1.35
Fy,Max,dlc61_U50_Ym8_278,-553447425.6,76840558.2,558756230.4,-41606848.8,1713837.15,4425519.0375,4745782.9125,-25405790.4,1.35
Fy,Min,dlc61_U50_Yp8_37,508858891.2,-96292098,517889505.6,44373222.9,466933.6546875,-4079302.0875,4105938.9375,-25725359.7,1.35
Fxy,Max,dlc13_U18_Ym10_353,15448171.5,492556680,492798859.2,-20887368.75,4805484.3,-485987.4703125,4829996.25,-26541205.2,1.35
Fxy,Min,dlc64_U06_Yp8_621,-111677.0859375,-73644984,73645072,120292.515625,22.5684947967529,-22.5277481079102,31.8878726959229,-19353156,1
Fz,Max,dlc64_U34_Yp8_669,76143016,10854740,76912832,10997576,636594.1875,-555097.4375,844621.375,-18577802,1
Fz,Min,dlc13_U26_Yp10_839,54347635.8,112022924.4,124510251.6,50198032.8,2883431.925,470230.3125,2921522.85,-27932272.2,1.35
Span:,15.1000004,Load Case,Mx,My,Mxy,Mz,Fx,Fy,Fxy,Fz,Saftey Factor
Mx,Max,dlc61_U50_Yp8_37,508450867.2,-96338851.2,517497292.8,44373147.3,466238.7,-4079227.8375,4105786.05,-25711292.7,1.35
Mx,Min,dlc61_U50_Ym8_278,-553004798.4,76669065,558294206.4,-41606805.6,1713047.56875,4425391.125,4745378.5875,-25391712.6,1.35
My,Max,dlc13_U20_Yp10_82,22982921.1,502315776,502841304,5606908.425,4651841.1375,-44912.2271484375,4652058.15,-26829017.1,1.35
My,Min,dlc14_U11,123649858.8,-241452273.6,271271980.8,52015343.4,-1335960.3375,-837508.95,1576772.49375,-26159346.9,1.35
Mxy,Max,dlc61_U50_Ym8_278,-552660883.2,82699477.2,558814161.6,-40444820.1,1809038.475,4412218.5,4768678.2375,-25470271.8,1.35
Mxy,Min,dlc13_U20_Ym10_82,16008.3276855469,-21249.3981445313,26604.5765625,-8381998.8,892375.565625,318195.2109375,947408.23125,-26375004,1.35
Mz,Max,dlc13_U24_Yp10_735,60730171.2,297047.27109375,60730900.2,82293980.4,1007101.265625,317174.46328125,1055865.796875,-26916364.8,1.35
Mz,Min,dlc13_U24_Ym10_735,-12452401.35,19004461.65,22720734.9,-90390859.2,745582.3875,347013.703125,822381.69375,-25582030.2,1.35
Fx,Max,dlc13_U18_Ym10_353,6219414.225,492748747.2,492787972.8,-18730681.65,4818969.7875,210372.58828125,4823559.7875,-26740567.8,1.35
Fx,Min,dlc14_U11,119329308,-238820724,266973451.2,53850868.2,-1372071.909375,-784880.55,1580702.00625,-26120780.1,1.35
Fy,Max,dlc61_U50_Ym8_278,-553004798.4,76669065,558294206.4,-41606805.6,1713047.56875,4425391.125,4745378.5875,-25391712.6,1.35
Fy,Min,dlc61_U50_Yp8_37,508450867.2,-96338851.2,517497292.8,44373147.3,466238.7,-4079227.8375,4105786.05,-25711292.7,1.35
Fxy,Max,dlc13_U18_Ym10_353,15399339.3,492075993.6,492316876.8,-20887240.5,4805335.8,-485646.384375,4829814,-26527132.8,1.35
Fxy,Min,dlc64_U06_Yp8_621,-111679.0078125,-73644984,73645072,120294.0546875,-22.2787666320801,-20.3460273742676,30.1712493896484,-19342772,1
Fz,Max,dlc64_U34_Yp8_669,76087512,10791098,76848928,10997595,636411.3125,-555089.625,844478.4375,-18567414,1
Fz,Min,dlc13_U26_Yp10_839,54394907.4,111734186.4,124271215.2,50198059.8,2882542.95,469795.865625,2920575.4875,-27918245.7,1.35
Span:,28,Load Case,Mx,My,Mxy,Mz,Fx,Fy,Fxy,Fz,Saftey Factor
Mx,Max,dlc61_U50_Yp8_37,456087715.2,-100115794.8,466946640,44731688.4,344202.496875,-4030323.75,4044995.2125,-23924581.2,1.35
Mx,Min,dlc61_U50_Ym8_278,-496040457.6,55241913.6,499107009.6,-41606943.3,1603498.10625,4401003.7125,4684019.7375,-23610806.1,1.35
My,Max,dlc13_U20_Yp10_82,22442063.85,442368432,442937332.8,5614527.825,4634836.5375,-38208.7125,4634994.15,-25048847.7,1.35
My,Min,dlc14_U11,113777125.2,-224098099.2,251326864.8,51430096.8,-1343159.38125,-830592.05625,1579227.80625,-24391454.4,1.35
Mxy,Max,dlc61_U50_Ym8_278,-495867744,60039570.6,499489329.6,-40451913,1698203.30625,4388429.475,4705550.55,-23689332.9,1.35
Mxy,Min,dlc13_U04_Ym10_905,27353.8186523438,-8719.13254394531,28709.8356445313,6422342.175,890761.471875,12364.1714355469,890847.28125,-24424375.5,1.35
Mz,Max,dlc13_U24_Yp10_735,64558711.8,-12408499.35,65740383,82194717.6,958044.290625,268897.134375,995065.0875,-25142807.7,1.35
Mz,Min,dlc13_U24_Ym10_735,-8073274.05,9463467.6,12439251,-90342340.2,734989.359375,330265.8140625,805782.09375,-23808373.2,1.35
Fx,Max,dlc13_U18_Ym10_353,8865182.025,430771694.4,430862889.6,-18715815.45,4779735.075,200094.0890625,4783921.425,-24960495.6,1.35
Fx,Min,dlc14_U11,109315580.4,-221012474.4,246569270.4,53850690,-1387369.0125,-765445.44375,1584518.625,-24345956.7,1.35
Fy,Max,dlc61_U50_Ym8_278,-496040457.6,55241913.6,499107009.6,-41606943.3,1603498.10625,4401003.7125,4684019.7375,-23610806.1,1.35
Fy,Min,dlc61_U50_Yp8_37,455901048,-101741853.6,467115811.2,44367299.1,366426.28125,-4062451.05,4078942.9875,-23931909,1.35
Fxy,Max,dlc13_U18_Ym10_353,9437158.8,430237008,430340515.2,-20873739.15,4773150.7875,-428799.740625,4792372.7625,-24746960.7,1.35
Fxy,Min,dlc64_U08_Ym8_181,-356120.5,-73601216,73602080,-165690.703125,54.5562133789063,-4.03120470046997,54.7049446105957,-18012920,1
Fz,Max,dlc64_U34_Yp8_669,68934224,2744166.5,68988824,11000599,610656.75,-553982.5625,824498.875,-17253446,1
Fz,Min,dlc13_U26_Yp10_839,60076933.2,75356713.8,96373605.6,50204745,2736322.425,401035.0921875,2765554.14375,-26144110.8,1.35
Span:,28.1000004,Load Case,Mx,My,Mxy,Mz,Fx,Fy,Fxy,Fz,Saftey Factor
Mx,Max,dlc61_U50_Yp8_37,455684572.8,-100150257.6,466560302.4,44731718.1,343408.00078125,-4030178.9625,4044783.2625,-23911316.1,1.35
Mx,Min,dlc61_U50_Ym8_278,-495600292.8,55081474.2,498651811.2,-41606986.5,1602589.3875,4400766.45,4683485.475,-23597530.2,1.35
My,Max,dlc13_U20_Yp10_82,22438228.5,441904809.6,442474099.2,5614587.5625,4634627.9625,-38150.567578125,4634784.9,-25035577.2,1.35
My,Min,dlc14_U11,113693997.6,-223963790.4,251169465.6,51430102.2,-1343295.5625,-830408.709375,1579247.04375,-24378224.4,1.35
Mxy,Max,dlc61_U50_Ym8_278,-495428832,59869643.4,499033137.6,-40452018.3,1697281.93125,4388211.7875,4705015.275,-23676057,1.35
Mxy,Min,dlc13_U04_Yp10_746,-2053.17531738281,-9663.70012207031,9879.40415039063,-13482212.4,806601.54375,-9250.32194824219,806654.53125,-24361803,1.35
Mz,Max,dlc13_U24_Yp10_735,64585755,-12504447.9,65785111.2,82193869.8,957636.590625,268440.68671875,994549.21875,-25129585.8,1.35
Mz,Min,dlc13_U24_Ym10_735,-8040205.8,9390023.55,12361935.15,-90341924.4,734912.6625,330124.5703125,805654.35,-23795151.3,1.35
Fx,Max,dlc13_U18_Ym10_353,8885157.975,430293513.6,430385227.2,-18715683.15,4779326.025,200006.5078125,4783509,-24947225.1,1.35
Fx,Min,dlc14_U11,109238965.2,-220873737.6,246410942.4,53850690,-1387467.9,-765285.975,1584528.24375,-24332726.7,1.35
Fy,Max,dlc61_U50_Ym8_278,-495600292.8,55081474.2,498651811.2,-41606986.5,1602589.3875,4400766.45,4683485.475,-23597530.2,1.35
Fy,Min,dlc61_U50_Yp8_37,455494708.8,-101778541.2,466727227.2,44367282.9,365571.05625,-4062277.2375,4078693.2375,-23918643.9,1.35
Fxy,Max,dlc13_U18_Ym10_353,9394039.8,429759518.4,429862204.8,-20873659.5,4772817,-428268.2625,4791992.7375,-24733690.2,1.35
Fxy,Min,dlc64_U08_Ym8_181,-356121.5,-73601216,73602080,-165686.5625,-3.80689167976379,-1.63666260242462,4.14380121231079,-18003126,1
Fz,Max,dlc64_U34_Yp8_669,68878832,2683120.75,68931072,11000626,610439.625,-553974.9375,824332.9375,-17243652,1
Fz,Min,dlc13_U26_Yp10_839,60117276.6,75082653,96184670.4,50204826,2734965.50625,400412.4046875,2764121.2875,-26130886.2,1.35
Span:,41,Load Case,Mx,My,Mxy,Mz,Fx,Fy,Fxy,Fz,Saftey Factor
Mx,Max,dlc61_U50_Yp8_37,404106451.2,-101570846.4,416675750.4,45239166.9,221016.0515625,-3958053.525,3964219.3125,-22280610.6,1.35
Mx,Min,dlc61_U50_Ym8_278,-439045056,35233515,440456529.6,-41616544.5,1465150.95,4360729.1625,4600285.65,-21959131.05,1.35
My,Max,dlc13_U20_Yp10_82,22186523.7,383731862.4,384372734.4,11094344.55,4319994.9375,199342.07578125,4324591.6875,-23088947.4,1.35
My,Min,dlc14_U11,103127072.4,-206528378.4,230844448.8,51431527.8,-1358747.746875,-805504.753125,1579567.5,-22745472.3,1.35
Mxy,Max,dlc61_U50_Ym8_278,-439018790.4,38814603.3,440731281.6,-40470672.6,1556640.7875,4350904.2,4620984.525,-22037626.8,1.35
Mxy,Min,dlc13_U22_Ym10_830,37563.43359375,-26137.3104492188,45762.11015625,-44133149.7,583638.5390625,35189.0499023438,584698.3734375,-22452934.05,1.35
Mz,Max,dlc13_U24_Yp10_735,67653262.8,-24516955.8,71958634.2,82076014.8,898570.29375,199674.0703125,920488.134375,-23498113.5,1.35
Mz,Min,dlc13_U24_Ym10_735,-3910319.2125,-37247.765625,3910496.7375,-90283852.8,729497.64375,307411.01015625,791623.884375,-22163614.2,1.35
Fx,Max,dlc13_U18_Ym10_353,4055250.15,372575462.4,372597537.6,-18973897.65,4718452.8375,-278312.94140625,4726653.75,-23027573.7,1.35
Fx,Min,dlc14_U11,99492116.4,-202901328,225981489.6,53850965.4,-1397253.290625,-743846.203125,1582916.34375,-22700009.7,1.35
Fy,Max,dlc61_U50_Ym8_278,-439045056,35233515,440456529.6,-41616544.5,1465150.95,4360729.1625,4600285.65,-21959131.05,1.35
Fy,Min,dlc61_U50_Yp8_37,403274332.8,-105753816,416910153.6,44367993,246647.88984375,-4025097.225,4032647.4375,-22281610.95,1.35
Fxy,Max,dlc13_U18_Ym10_353,4055250.15,372575462.4,372597537.6,-18973897.65,4718452.8375,-278312.94140625,4726653.75,-23027573.7,1.35
Fxy,Min,dlc64_U08_Ym8_973,33294.8828125,-72269352,72269360,-67357.0546875,73.029670715332,-7.43031454086304,73.4066925048828,-16805718,1
Fz,Max,dlc64_U34_Yp8_669,61741584,-5012747,61944740,11004531,583253.0625,-552413.6875,803333.6875,-16034958,1
Fz,Min,dlc13_U26_Yp10_839,64752544.8,40972724.1,76626729,50217386.4,2531367.7875,308088.03515625,2550047.23125,-24499084.5,1.35
Span:,41.0999985,Load Case,Mx,My,Mxy,Mz,Fx,Fy,Fxy,Fz,Saftey Factor
Mx,Max,dlc61_U50_Yp8_37,403710566.4,-101592975.6,416297188.8,45239274.9,220155.4265625,-3957793.9875,3963912.525,-22268429.55,1.35
Mx,Min,dlc61_U50_Ym8_278,-438608908.8,35086932,440010057.6,-41616649.8,1463930.8875,4360344.75,4599532.6875,-21946940.55,1.35
My,Max,dlc13_U20_Yp10_82,22206525.3,383299862.4,383942592,11094236.55,4320057.0375,199160.775,4324645.35,-23076762.3,1.35
My,Min,dlc14_U11,103046450.4,-206392514.4,230686898.4,51431544,-1358852.034375,-805301.325,1579553.49375,-22733322.3,1.35
Mxy,Max,dlc61_U50_Ym8_278,-438583593.6,38658859.2,440284075.2,-40470856.2,1555382.75625,4350545.4375,4620223.125,-22025436.3,1.35
Mxy,Min,dlc13_U22_Ym10_92,-19900.2695800781,37421.0586914063,42383.4451171875,21949763.4,517613.7515625,319844.21484375,608460.609375,-22791202.2,1.35
Mz,Max,dlc13_U24_Yp10_735,67673367,-24606965.7,72008244,82075037.4,898063.36875,199064.9671875,919861.228125,-23485974.3,1.35
Mz,Min,dlc13_U24_Ym10_735,-3879538.5375,-110140.140234375,3881101.8375,-90283372.2,729489.628125,307200.78984375,791534.86875,-22151475,1.35
Fx,Max,dlc13_U18_Ym10_353,4027218.075,372103502.4,372125318.4,-18973888.2,4717934.4375,-277713.87890625,4726100.925,-23015388.6,1.35
Fx,Min,dlc14_U11,99417661.2,-202761597.6,225823248,53850965.4,-1397307.7125,-743673.571875,1582883.26875,-22687862.4,1.35
Fy,Max,dlc61_U50_Ym8_278,-438608908.8,35086932,440010057.6,-41616649.8,1463930.8875,4360344.75,4599532.6875,-21946940.55,1.35
Fy,Min,dlc61_U50_Yp8_37,402871708.8,-105778504.8,416526926.4,44368020,245659.9640625,-4024697.2875,4032187.425,-22269431.25,1.35
Fxy,Max,dlc13_U18_Ym10_353,4027218.075,372103502.4,372125318.4,-18973888.2,4717934.4375,-277713.87890625,4726100.925,-23015388.6,1.35
Fxy,Min,dlc64_U08_Ym8_973,33293.92578125,-72269352,72269360,-67359.390625,32.9401245117188,-10.3391828536987,34.5246353149414,-16796726,1
Fz,Max,dlc64_U34_Yp8_669,61686348,-5071052.5,61894436,11004564,583048.625,-552397.25,803173.9375,-16025965,1
Fz,Min,dlc13_U26_Yp10_839,64783551.6,40719169.8,76517708.4,50217499.8,2529572.9625,307282.021875,2548168.2,-24486945.3,1.35
Span:,54,Load Case,Mx,My,Mxy,Mz,Fx,Fy,Fxy,Fz,Saftey Factor
Mx,Max,dlc61_U50_Yp8_37,353142849.6,-101008900.8,367304587.2,45998803.8,114626.148046875,-3881581.0875,3883273.3125,-20793152.25,1.35
Mx,Min,dlc61_U50_Ym8_278,-382743273.6,19540346.85,383241758.4,-40497783.3,1411888.471875,4302425.025,4528166.2875,-20548872.45,1.35
My,Max,dlc13_U18_Ym10_353,6396624,331788333.6,331850001.6,-8746278.75,4020468.4125,190774.97578125,4024992.2625,-20988004.5,1.35
My,Min,dlc14_U11,92813914.8,-188778448.8,210360931.2,51433736.4,-1371169.603125,-779145.4125,1577077.59375,-21262305.6,1.35
Mxy,Max,dlc61_U50_Ym8_278,-382743273.6,19540346.85,383241758.4,-40497783.3,1411888.471875,4302425.025,4528166.2875,-20548872.45,1.35
Mxy,Min,dlc13_U20_Ym10_82,18750.6720703125,12714.5478515625,22654.9643554688,-32932785.6,1554802.7625,109564.67109375,1558658.3625,-21420265.05,1.35
Mz,Max,dlc13_U24_Yp10_735,69725777.4,-35775837,78368326.2,81948461.4,827642.98125,112839.887109375,835299.759375,-22016287.35,1.35
Mz,Min,dlc13_U24_Ym10_735,-87235.2123046875,-9502466.4,9502866.675,-90220824,727846.846875,279261.084375,779581.8,-20681773.2,1.35
Fx,Max,dlc13_U18_Ym10_353,945572.990625,311662036.8,311663484,-18975151.8,4645634.85,-191945.7421875,4649598.45,-21539896.65,1.35
Fx,Min,dlc14_U11,89953966.8,-184693176,205434381.6,53851575.6,-1402660.715625,-721898.578125,1577527.9875,-21216892.95,1.35
Fy,Max,dlc61_U50_Ym8_278,-382660848,17118696.6,383043556.8,-41633136,1325400.215625,4309143.6375,4508370.5625,-20470406.4,1.35
Fy,Min,dlc61_U50_Yp8_37,351262072.8,-108186516,367545081.6,44373960,130680.52734375,-3972237.3,3974386.1625,-20794172.85,1.35
Fxy,Max,dlc13_U18_Ym10_353,945572.990625,311662036.8,311663484,-18975151.8,4645634.85,-191945.7421875,4649598.45,-21539896.65,1.35
Fxy,Min,dlc64_U08_Ym8_181,-62787.43359375,-71987352,71987376,-142632.578125,-23.5843925476074,-29.7990455627441,38.0027198791504,-15712293,1
Fz,Max,dlc64_U34_Yp8_669,54559940,-12409220,55953336,11008979,553970.125,-553539.375,783127.5625,-14937140,1
Fz,Min,dlc13_U26_Yp10_839,68081115.6,9594342,68753831.4,50234369.4,2276596.29375,196407.95625,2285052.8625,-23017173.3,1.35
Span:,54.0999985,Load Case,Mx,My,Mxy,Mz,Fx,Fy,Fxy,Fz,Saftey Factor
Mx,Max,dlc61_U50_Yp8_37,352754589.6,-101020392,366934492.8,45998890.2,113829.215625,-3881311.7625,3882980.3625,-20782259.1,1.35
Mx,Min,dlc61_U50_Ym8_278,-382312915.2,19399062.6,382804747.2,-40498018.2,1410921.703125,4302026.775,4527486.5625,-20537971.2,1.35
My,Max,dlc13_U18_Ym10_353,6415655.625,331386336,331448436,-8746542,4020920.6625,190819.8421875,4025445.8625,-20977108.65,1.35
My,Min,dlc14_U11,92735928,-188641332,210203488.8,51433758,-1371252.796875,-778941.225,1577049.075,-21251447.55,1.35
Mxy,Max,dlc61_U50_Ym8_278,-382312915.2,19399062.6,382804747.2,-40498018.2,1410921.703125,4302026.775,4527486.5625,-20537971.2,1.35
Mxy,Min,dlc13_U22_Ym10_108,-2699.71325683594,-1608.42117919922,3142.52611083984,-11697224.85,1855195.9875,618984.61875,1955733.69375,-21725926.65,1.35
Mz,Max,dlc13_U24_Yp10_735,69737149.8,-35858751.3,78416326.8,81947473.2,827055.05625,112107.090234375,834618.515625,-22005440.1,1.35
Mz,Min,dlc13_U24_Ym10_735,-59275.0037109375,-9575196.975,9575380.575,-90220338,727829.8875,279037.46953125,779485.95,-20670925.95,1.35
Fx,Max,dlc13_U18_Ym10_353,926215.59375,311197334.4,311198716.8,-18975180.15,4645022.2875,-191210.60390625,4648956.1875,-21529004.85,1.35
Fx,Min,dlc14_U11,89881704,-184552905.6,205276636.8,53851581,-1402685.94375,-721731.76875,1577474.15625,-21206034.9,1.35
Fy,Max,dlc61_U50_Ym8_278,-382229841.6,16986072.6,382607107.2,-41633284.5,1324472.85,4308723.1125,4507695.9,-20459505.15,1.35
Fy,Min,dlc61_U50_Yp8_37,350864740.8,-108199627.2,367169198.4,44374024.8,129888.4359375,-3971811.7125,3973934.925,-20783281.05,1.35
Fxy,Max,dlc13_U18_Ym10_353,926215.59375,311197334.4,311198716.8,-18975180.15,4645022.2875,-191210.60390625,4648956.1875,-21529004.85,1.35
Fxy,Min,dlc64_U10_Yp8_920,117090.984375,-71279016,71279112,-42950.1875,-34.845832824707,-65.0440368652344,73.7899627685547,-15695462,1
Fz,Max,dlc64_U34_Yp8_669,54504588,-12464599,55911684,11009015,553723.3125,-553572.6875,782976.5625,-14929103,1
Fz,Min,dlc13_U26_Yp10_839,68100879.6,9366338.475,68741967.6,50234515.2,2274456.54375,195490.040625,2282842.40625,-23006324.7,1.35
Span:,67,Load Case,Mx,My,Mxy,Mz,Fx,Fy,Fxy,Fz,Saftey Factor
Mx,Max,dlc61_U50_Yp8_37,303319771.2,-99293860.8,319158511.2,46742886,58930.3107421875,-3795927.6375,3796384.95,-18726429.15,1.35
Mx,Min,dlc61_U50_Ym8_278,-327597480,-6944524.2,327671071.2,-47091715.2,974813.315625,4081249.8,4196053.125,-18155651.85,1.35
My,Max,dlc13_U18_Ym10_353,8951939.775,279011433.6,279155008.8,-8780694.975,4105459.35,203054.1328125,4110477.6375,-18930063.15,1.35
My,Min,dlc13_U20_Ym10_184,44480132.1,-175152823.2,180712458,10593824.625,-644123.6015625,35357.7919921875,645093.3234375,-19684274.4,1.35
Mxy,Max,dlc61_U50_Ym8_278,-327597480,-6944524.2,327671071.2,-47091715.2,974813.315625,4081249.8,4196053.125,-18155651.85,1.35
Mxy,Min,dlc13_U22_Yp10_108,10496.6685791016,-54721.458984375,55719.0984375,19739612.25,1004697.16875,278422.88203125,1042562.053125,-19588186.8,1.35
Mz,Max,dlc13_U24_Yp10_735,70183200.6,-45773197.2,83790612,81820665,707668.565625,-43920.3357421875,709030.209375,-19965116.25,1.35
Mz,Min,dlc13_U24_Ym10_735,3259309.05,-19065618,19342204.65,-90157546.8,744250.275,235929.7546875,780750.478125,-18630754.65,1.35
Fx,Max,dlc13_U18_Ym10_353,-544957.36875,252218188.8,252218772,-18983764.8,4503717.45,-35709.0635742188,4503858.8625,-19483723.8,1.35
Fx,Min,dlc14_U11,81306617.4,-167860760.4,186515416.8,53490115.8,-1389989.53125,-708359.428125,1560078.225,-19172187,1.35
Fy,Max,dlc61_U50_Ym8_278,-327312036,658873.575,327312705.6,-41654366.1,1207266.8625,4210222.725,4379893.7625,-18412662.15,1.35
Fy,Min,dlc61_U50_Yp8_37,300268836,-109354330.8,319561804.8,44383887.9,49271.6935546875,-3874974.1875,3875287.3875,-18737607.15,1.35
Fxy,Max,dlc13_U18_Ym10_353,-544957.36875,252218188.8,252218772,-18983764.8,4503717.45,-35709.0635742188,4503858.8625,-19483723.8,1.35
Fxy,Min,dlc64_U28_Ym8_142,-929765.6875,-72923128,72929056,55303.59765625,-45.2757530212402,-43.7694931030273,62.9735069274902,-14179517,1
Fz,Max,dlc64_U34_Yp8_669,47341428,-19428044,51172844,11013564,525438.9375,-557338.125,765971.1875,-13417686,1
Fz,Min,dlc13_U26_Yp10_839,69329341.8,-17180637.3,71426404.8,50256163.8,1839489.58125,-7022.5892578125,1839502.9125,-20966427.45,1.35
Span:,67.0999985,Load Case,Mx,My,Mxy,Mz,Fx,Fy,Fxy,Fz,Saftey Factor
Mx,Max,dlc61_U50_Yp8_37,303007888.8,-99400532.4,318895358.4,46743874.2,74012.9537109375,-3779257.8375,3779982.45,-18111180.15,1.35
Mx,Min,dlc61_U50_Ym8_278,-327257085.6,-7119266.85,327334521.6,-47092779,984478.725,4064118.975,4181657.7375,-17540363.7,1.35
My,Max,dlc13_U18_Ym10_353,9007326.9,278420716.8,278566365.6,-8780559.975,4124746.125,208091.278125,4129991.8875,-18314380.8,1.35
My,Min,dlc13_U20_Ym10_184,44257851.9,-174995715.6,180505562.4,10594673.775,-654679.0828125,3468.01717529297,654688.2796875,-19068798.6,1.35
Mxy,Max,dlc61_U50_Ym8_278,-327257085.6,-7119266.85,327334521.6,-47092779,984478.725,4064118.975,4181657.7375,-17540363.7,1.35
Mxy,Min,dlc13_U22_Ym10_962,1297.84891662598,-2667.34802856445,2966.33726806641,8115169.95,1325850.01875,360075.0796875,1373874.91875,-18580887,1.35
Mz,Max,dlc13_U24_Yp10_735,69845430.6,-45611429.4,83419340.4,81819401.4,674373.4734375,-90751.3453125,680452.3546875,-19349648.55,1.35
Mz,Min,dlc13_U24_Ym10_735,3196003.5,-19241370.45,19504993.05,-90157114.8,758341.828125,223350.22265625,790548.946875,-18015367.95,1.35
Fx,Max,dlc13_U18_Ym10_353,4128832.2375,255966825.6,256000132.8,-16811205.75,4460417.55,88209.31640625,4461289.65,-18800683.2,1.35
Fx,Min,dlc14_U11,81232594.2,-167789253.6,186418800,53490326.4,-1377166.303125,-706978.4625,1548032.85,-18556852.95,1.35
Fy,Max,dlc61_U50_Ym8_278,-327068107.2,553346.1421875,327068582.4,-41654609.1,1203413.45625,4177238.5125,4347128.25,-17797585.95,1.35
Fy,Min,dlc61_U50_Yp8_37,300036679.2,-109412521.2,319363603.2,44384203.8,57633.7728515625,-3845624.85,3846056.5125,-18122489.1,1.35
Fxy,Max,dlc13_U18_Ym10_353,4128832.2375,255966825.6,256000132.8,-16811205.75,4460417.55,88209.31640625,4461289.65,-18800683.2,1.35
Fxy,Min,dlc64_U12_Ym8_432,335509.90625,-70473360,70474160,-136592.96875,-58.0445594787598,-24.3010559082031,62.9262428283691,-13731714,1
Fz,Max,dlc64_U34_Yp8_669,47273092,-19508134,51140124,11013660,528987.5625,-558097.75,768960.9375,-12961841,1
Fz,Min,dlc13_U26_Yp10_839,68892114.6,-16515058.95,70843987.8,50254252.2,1716261.58125,-68734.4537109375,1717637.4,-20351191.95,1.35
Span:,80,Load Case,Mx,My,Mxy,Mz,Fx,Fy,Fxy,Fz,Saftey Factor
Mx,Max,dlc61_U50_Yp8_37,254570320.8,-97843539.6,272725876.8,47073096,24876.5211914063,-3729367.575,3729450.6,-16912898.55,1.35
Mx,Min,dlc61_U50_Ym8_278,-275000832,-19302532.2,275677430.4,-47101024.8,900684.478125,4034163.15,4133485.6875,-16361424.9,1.35
My,Max,dlc13_U18_Ym10_353,11730474,224793381.6,225099237.6,-8812992.375,4189978.4625,214952.653125,4195488.4875,-17135733.6,1.35
My,Min,dlc13_U20_Ym10_184,43794561.6,-166222335.6,171894819.6,10574721.45,-705476.2078125,-77112.0791015625,709678.040625,-17896438.35,1.35
Mxy,Max,dlc61_U50_Yp8_37,250118539.2,-117512899.2,276348628.8,42843405.6,16626.821484375,-3722586.8625,3722623.9875,-16983089.1,1.35
Mxy,Min,dlc13_U22_Ym10_92,70507.8791015625,31689.66796875,77301.980859375,-44684932.5,1729510.3125,204185.30625,1741521.6,-17602442.1,1.35
Mz,Max,dlc13_U24_Yp10_735,67970134.8,-53763042.6,86662585.8,81696578.4,583619.68125,-202871.8828125,617874.5390625,-18178121.25,1.35
Mz,Min,dlc13_U24_Ym10_735,5902934.4,-29040633,29634489.9,-90096796.8,762999.4125,195207.7640625,787574.896875,-16844080.95,1.35
Fx,Max,dlc13_U18_Ym10_353,5658360.6375,198913795.2,198994276.8,-16821939.6,4380190.425,151782.7359375,4382819.2125,-17623616.85,1.35
Fx,Min,dlc14_U11,72608540.4,-151149974.4,167685163.2,53060578.2,-1377109.0125,-695623.3171875,1542828.9375,-17394041.25,1.35
Fy,Max,dlc61_U50_Ym8_278,-273710275.2,-13706890.2,274053261.6,-40565599.2,1153707.46875,4112737.5375,4271492.8125,-16697256.3,1.35
Fy,Min,dlc61_U50_Yp8_37,251991583.2,-107332311.6,273897763.2,44786511.9,-25514.5359375,-3773948.2875,3774034.6875,-16937370,1.35
Fxy,Max,dlc13_U18_Ym10_353,5658360.6375,198913795.2,198994276.8,-16821939.6,4380190.425,151782.7359375,4382819.2125,-17623616.85,1.35
Fxy,Min,dlc64_U16_Yp8_33,453404.875,-69997616,69999088,1097998.5,-46.5302429199219,38.7539825439453,60.5552177429199,-12789560,1
Fz,Max,dlc64_U34_Yp8_669,40059836,-26130300,47828684,11018225,498905.46875,-560525.4375,750396.8125,-12094006,1
Fz,Min,dlc13_U26_Yp10_839,67080652.2,-36706221.9,76466727,50274669.6,1403479.74375,-215383.5984375,1419910.425,-19180057.5,1.35
Span:,80.0999985,Load Case,Mx,My,Mxy,Mz,Fx,Fy,Fxy,Fz,Saftey Factor
Mx,Max,dlc61_U50_Yp8_37,254197267.2,-97846110,272378613.6,47073074.4,24408.1107421875,-3729185.6625,3729265.3125,-16904358.45,1.35
Mx,Min,dlc61_U50_Ym8_278,-274597322.4,-19392723,275281243.2,-47101095,900005.00625,4033921.5,4133101.95,-16352876.7,1.35
My,Max,dlc13_U18_Ym10_353,11751933.6,224374363.2,224681925.6,-8813234.025,4190488.7625,215003.9109375,4196000.8125,-17127186.75,1.35
My,Min,dlc13_U20_Ym10_184,43786842.3,-166151779.2,171824619.6,10574564.175,-705861.8859375,-77743.473046875,710130.290625,-17887942.8,1.35
Mxy,Max,dlc61_U50_Yp8_37,249746133.6,-117514638,276012360,42843602.7,15784.105078125,-3722121.7875,3722155.2,-16974551.7,1.35
Mxy,Min,dlc13_U22_Ym10_92,-30757.166015625,29509.3520507813,42623.9982421875,-2006536.05,1129051.2375,427073.175,1207123.93125,-17478922.5,1.35
Mz,Max,dlc13_U24_Yp10_735,67949798.4,-53821546.2,86682949.2,81695660.4,582878.53125,-203769.928125,617470.2984375,-18169632.45,1.35
Mz,Min,dlc13_U24_Ym10_735,5922491.85,-29116897.2,29713122,-90096348.6,763054.25625,194990.709375,787574.221875,-16835594.85,1.35
Fx,Max,dlc13_U18_Ym10_353,5673488.4,198475704,198556768.8,-16822020.6,4379555.5875,152283.64921875,4382202.2625,-17615086.2,1.35
Fx,Min,dlc14_U11,72538869.6,-151012274.4,167530874.4,53060589,-1377112.134375,-695470.640625,1542762.95625,-17385540.3,1.35
Fy,Max,dlc61_U50_Ym8_278,-273298881.6,-13822366.5,273648196.8,-40565877.3,1152787.6125,4112250.1875,4270774.95,-16688709.45,1.35
Fy,Min,dlc61_U50_Yp8_37,251614036.8,-107329838.4,273549463.2,44786665.8,-26109.1265625,-3773445.4125,3773535.8625,-16928831.25,1.35
Fxy,Max,dlc13_U18_Ym10_353,5673488.4,198475704,198556768.8,-16822020.6,4379555.5875,152283.64921875,4382202.2625,-17615086.2,1.35
Fxy,Min,dlc64_U10_Ym8_565,-31545.255859375,-70796720,70796728,198376.390625,25.7131309509277,-20.6144123077393,32.9563217163086,-12855283,1
Fz,Max,dlc64_U34_Yp8_669,40003780,-26180184,47809040,11018259,498697.71875,-560553.25,750279.5,-12087718,1
Fz,Min,dlc13_U26_Yp10_839,67059052.2,-36846727.2,76515343.2,50274826.2,1401025.528125,-216547.1296875,1417661.83125,-19171572.75,1.35
Span:,93,Load Case,Mx,My,Mxy,Mz,Fx,Fy,Fxy,Fz,Saftey Factor
Mx,Max,dlc61_U50_Yp8_37,206223472.8,-97756102.8,228220005.6,47070952.2,-42280.6209960938,-3703939.9875,3704181.3,-15881444.55,1.35
Mx,Min,dlc61_U50_Ym8_278,-223008120,-32843896.2,225413712,-48259621.8,769825.18125,3989263.5,4062862.8,-15332884.2,1.35
My,Max,dlc13_U18_Ym10_353,14555042.55,169904800.8,170527096.8,-8842971.825,4252298.5125,219627.42890625,4257966.4875,-16103649.15,1.35
My,Min,dlc13_U20_Ym10_184,39714775.2,-157163857.2,162104101.2,11642486.4,-713973.571875,-142406.258203125,728036.94375,-16832051.1,1.35
Mxy,Max,dlc61_U50_Yp8_37,201344508,-118308070.8,233530322.4,43026538.5,-92200.4859375,-3646586.25,3647751.6375,-15926257.8,1.35
Mxy,Min,dlc13_U26_Ym10_415,-65543.44921875,-53095.6634765625,84351.0111328125,-33236038.8,1321944.215625,461954.9390625,1400335.25625,-15788046.15,1.35
Mz,Max,dlc13_U24_Yp10_735,64567740.6,-60743331,88649564.4,81581245.2,485874.45,-320824.35703125,582239.0109375,-17153757.45,1.35
Mz,Min,dlc13_U24_Ym10_735,8269496.55,-38974907.7,39842539.2,-90040680,764352.1125,168001.266796875,782597.3625,-15820180.2,1.35
Fx,Max,dlc13_U16_Ym10_615,20043657.9,133694614.8,135188751.6,10982618.55,4311535.8375,-16736.5498535156,4311568.575,-16696528.65,1.35
Fx,Min,dlc14_U11,63865292.4,-134205120,148626338.4,52569928.8,-1378260.309375,-684118.996875,1538707.21875,-16378694.1,1.35
Fy,Max,dlc61_U50_Ym8_278,-220625100,-27920411.1,222384765.6,-40600901.7,1027520.521875,4049907.1875,4178222.6625,-15665121.9,1.35
Fy,Min,dlc61_U50_Yp8_37,204454778.4,-104225367.6,229487882.4,45319300.2,-97438.54921875,-3717879.75,3719156.5125,-15912239.4,1.35
Fxy,Max,dlc13_U16_Ym10_615,20043657.9,133694614.8,135188751.6,10982618.55,4311535.8375,-16736.5498535156,4311568.575,-16696528.65,1.35
Fxy,Min,dlc64_U14_Ym8_963,-103903.0703125,-69370760,69370840,194373.984375,103.001754760742,126.074012756348,162.800552368164,-12071016,1
Fz,Max,dlc64_U34_Yp8_669,32746242,-32423248,46082356,11022508,467765.53125,-564464.75,733092.8125,-11335288,1
Fz,Min,dlc13_U26_Yp10_839,63308493,-52934671.8,82522994.4,50294088,1087812.871875,-363623.765625,1146978.225,-18156247.2,1.35
Span:,93.0999985,Load Case,Mx,My,Mxy,Mz,Fx,Fy,Fxy,Fz,Saftey Factor
Mx,Max,dlc61_U50_Yp8_37,205852924.8,-97751977.2,227883477.6,47070941.4,-42855.5627929688,-3703733.4375,3703981.1625,-15874139.7,1.35
Mx,Min,dlc61_U50_Ym8_278,-222609081.6,-32921040.6,225030204,-48259692,769108.5,3989177.775,4062642.75,-15325569.9,1.35
My,Max,dlc13_U18_Ym10_353,14576976,169479507.6,170105238,-8843186.475,4252740.3,219644.8734375,4258408.6125,-16096340.25,1.35
My,Min,dlc13_U20_Ym10_184,39700481.4,-157092436.8,162031363.2,11642449.95,-714349.884375,-142910.567578125,728504.71875,-16824794.85,1.35
Mxy,Max,dlc61_U50_Yp8_37,200979662.4,-118298934,233211204,43026687,-93111.54609375,-3646266.975,3647455.65,-15918955.65,1.35
Mxy,Min,dlc13_U26_Ym10_415,-40349.6912109375,-95557.91484375,103727.5875,-27954949.5,1864348.14375,192643.0171875,1874274.525,-16450250.85,1.35
Mz,Max,dlc13_U24_Yp10_735,64535524.2,-60792060.6,88659511.2,81580408.2,485118.871875,-321729.65859375,582108.4828125,-17146510.65,1.35
Mz,Min,dlc13_U24_Ym10_735,8286356.7,-39051306.9,39920774.4,-90040275,764309.503125,167804.4515625,782513.49375,-15812938.8,1.35
Fx,Max,dlc13_U16_Ym10_615,20042004.15,133263424.8,134762097.6,10982754.9,4311429.1875,-16146.1344726563,4311459.225,-16689240,1.35
Fx,Min,dlc14_U11,63796739.4,-134067333.6,148472470.8,52569945,-1378288.9125,-683978.85,1538670.6,-16371432.45,1.35
Fy,Max,dlc61_U50_Ym8_278,-220219992,-28023275.7,221995836,-40601166.3,1026495.95625,4049436.7125,4177514.925,-15657811.65,1.35
Fy,Min,dlc61_U50_Yp8_37,204082826.4,-104215712.4,229152153.6,45319467.6,-98070.2859375,-3717512.2125,3718805.5125,-15904935.9,1.35
Fxy,Max,dlc13_U16_Ym10_615,20042004.15,133263424.8,134762097.6,10982754.9,4311429.1875,-16146.1344726563,4311459.225,-16689240,1.35
Fxy,Min,dlc64_U14_Ym8_963,-103890.7890625,-69370768,69370848,194378.546875,-9.55226707458496,139.613677978516,139.940078735352,-12065650,1
Fz,Max,dlc64_U34_Yp8_669,32689784,-32470020,46075200,11022539,467490.15625,-564497.5625,732942.375,-11329921,1
Fz,Min,dlc13_U26_Yp10_839,63271962,-53043519.6,82564860.6,50294228.4,1085445.984375,-364723.2984375,1145083.415625,-18149004.45,1.35
Span:,106,Load Case,Mx,My,Mxy,Mz,Fx,Fy,Fxy,Fz,Saftey Factor
Mx,Max,dlc61_U50_Yp8_37,158230638,-96688954.8,185433775.2,47067593.4,-127363.07109375,-3673452.9375,3675660.1875,-14992516.8,1.35
Mx,Min,dlc61_U50_Ym8_278,-171230954.4,-42289236,176375793.6,-48265848,681215.9484375,3969284.175,4027315.95,-14442867,1.35
My,Max,dlc13_U12_Yp10_360,33235455.6,115911950.4,120582648,-22793464.8,3730618.6875,-189500.596875,3735428.4,-15022747.35,1.35
My,Min,dlc13_U20_Ym10_184,37443016.8,-147564558,152240860.8,11638690.2,-761893.171875,-205898.79375,789224.68125,-15949332,1.35
Mxy,Max,dlc61_U50_Yp8_37,154189483.2,-116335245.6,193153528.8,43041896.1,-214625.9953125,-3601281.6,3607671.4875,-15037601.4,1.35
Mxy,Min,dlc13_U26_Y0_823,222603.3984375,40931.8338867188,226335.346875,3240123.525,1879300.575,579665.7421875,1966668.01875,-15113757.6,1.35
Mz,Max,dlc13_U24_Yp10_735,59617182.6,-66454711.2,89277303.6,81471366,389672.60625,-439575.5671875,587427.778125,-16272328.95,1.35
Mz,Min,dlc13_U24_Ym10_735,10317769.875,-48845624.4,49923453.6,-89987684.4,753299.240625,146902.190625,767489.428125,-14939561.7,1.35
Fx,Max,dlc13_U16_Ym10_615,20626546.05,102439933.2,104495907.6,-2717834.34375,4327783.7625,82512.938671875,4328570.475,-15316495.2,1.35
Fx,Min,dlc14_U11,55136208.6,-117047062.8,129383222.4,52027984.8,-1381494.234375,-671167.3921875,1535901.075,-15504849.9,1.35
Fy,Max,dlc61_U50_Ym8_278,-168367690.8,-40448786.4,173158257.6,-40631457.6,897911.071875,3982633.3125,4082598.7875,-14775921.45,1.35
Fy,Min,dlc61_U50_Yp8_37,157876992,-98307183.6,185982393.6,46748323.8,-148279.8234375,-3675522.4875,3678512.4,-15013182.6,1.35
Fxy,Max,dlc13_U16_Ym10_615,20626546.05,102439933.2,104495907.6,-2717834.34375,4327783.7625,82512.938671875,4328570.475,-15316495.2,1.35
Fxy,Min,dlc13_U24_Ym10_44,21046450.05,-79640166.6,82374202.8,-26653168.8,-77.9642045974732,-36.7770638465881,86.2030700683594,-15120904.5,1.35
Fz,Max,dlc64_U34_Yp8_669,25382080,-38277072,45928036,11026355,433077.34375,-567795.75,714106.4375,-10682632,1
Fz,Min,dlc13_U26_Yp10_839,57664548,-65145686.4,87000922.8,50310363.6,788996.53125,-500801.2734375,934514.55,-17275446.45,1.35
Span:,106.0999985,Load Case,Mx,My,Mxy,Mz,Fx,Fy,Fxy,Fz,Saftey Factor
Mx,Max,dlc61_U50_Yp8_37,157863092.4,-96676329.6,185113663.2,47067555.6,-128115,-3673201.8375,3675435.4125,-14986293.3,1.35
Mx,Min,dlc61_U50_Ym8_278,-170833860,-42357527.1,176006725.2,-48265875,680557.78125,3969071.8875,4026995.325,-14436636.75,1.35
My,Max,dlc13_U12_Yp10_360,33216415.2,115538832,120218763.6,-22793545.8,3731481.3375,-189704.29921875,3736300.5,-15016527.9,1.35
My,Min,dlc13_U20_Ym10_184,37422345.6,-147488342.4,152161902,11638667.25,-762256.575,-206356.33828125,789694.903125,-15943155.75,1.35
Mxy,Max,dlc61_U50_Yp8_37,153829141.2,-116313861.6,192853094.4,43041987.9,-215609.23828125,-3600919.125,3607368.4125,-15031380.6,1.35
Mxy,Min,dlc13_U26_Ym10_823,137600.33203125,233190.03515625,270760.87265625,-40050131.4,1067121.084375,553294.378125,1202032.490625,-14651911.8,1.35
Mz,Max,dlc13_U24_Yp10_735,59573010.6,-66493807.2,89276931,81470545.2,388963.85625,-440469.39375,587627.578125,-16266163.5,1.35
Mz,Min,dlc13_U24_Ym10_735,10332559.125,-48920922,50000182.2,-89987290.2,753157.659375,146781.460546875,767327.34375,-14933405.7,1.35
Fx,Max,dlc13_U16_Ym10_615,20634799.95,102007069.2,104073228,-2717771.0625,4328287.9875,82729.9353515625,4329078.4125,-15310279.8,1.35
Fx,Min,dlc14_U11,55068935.4,-116908952.4,129229603.2,52028001,-1381539.121875,-671024.925,1535879.1375,-15498669.6,1.35
Fy,Max,dlc61_U50_Ym8_278,-167969278.8,-40538688.3,172791964.8,-40631660.1,896940.84375,3982099.05,4081864.05,-14769697.95,1.35
Fy,Min,dlc61_U50_Yp8_37,157509241.2,-98292452.4,185662497.6,46748318.4,-149055.029296875,-3675256.875,3678278.175,-15006960.45,1.35
Fxy,Max,dlc13_U16_Ym10_615,20634799.95,102007069.2,104073228,-2717771.0625,4328287.9875,82729.9353515625,4329078.4125,-15310279.8,1.35
Fxy,Min,dlc64_U14_Ym8_855,-213678.34375,-69068392,69068720,-381112.0625,100.291076660156,98.3925552368164,140.496948242188,-11442234,1
Fz,Max,dlc64_U34_Yp8_669,25325282,-38320384,45932796,11026382,432813.59375,-567815.0625,713961.875,-10678068,1
Fz,Min,dlc13_U26_Yp10_839,57614241.6,-65224558.8,87026686.2,50310471.6,786840.075,-501775.8890625,933218.296875,-17269286.4,1.35
Span:,119,Load Case,Mx,My,Mxy,Mz,Fx,Fy,Fxy,Fz,Saftey Factor
Mx,Max,dlc61_U50_Yp8_37,110671455.6,-94410597.6,145470038.4,47057835.6,-223902.66796875,-3634802.4375,3641692.1625,-14242369.05,1.35
Mx,Min,dlc61_U50_Ym8_278,-119799993.6,-50540198.4,130024418.4,-48263655.6,579662.3671875,3934890.5625,3977357.5125,-13691999.7,1.35
My,Max,dlc13_U12_Ym10_914,39718247.4,67540991.4,78353843.4,22204525.95,3125065.05,-295257.84609375,3138982.2,-14733002.25,1.35
My,Min,dlc13_U22_Ym10_868,18353106.9,-146046628.8,147195295.2,-25139440.8,934522.14375,160001.38828125,948120.271875,-15695060.85,1.35
Mxy,Max,dlc61_U50_Yp8_37,107090812.8,-113805043.2,156269088,43214639.4,-336463.22109375,-3530282.7375,3546280.2375,-14259917.7,1.35
Mxy,Min,dlc13_U20_Yp10_771,5182226.775,-1069703.71875,5291477.8875,-34895888.1,1549632.6,545222.8125,1642750.5375,-13779429.75,1.35
Mz,Max,dlc13_U24_Yp10_735,53151746.4,-70970634,88667573.4,81360725.4,304083.365625,-551578.9921875,629846.0859375,-15529071.6,1.35
Mz,Min,dlc13_U24_Ym10_735,12153689.55,-58507374.6,59756383.8,-89933916.6,733865.0625,134038.56796875,746005.528125,-14197559.85,1.35
Fx,Max,dlc13_U16_Ym10_615,21867047.55,45800899.2,50753228.4,-2707268.56875,4379477.2875,108223.962890625,4380814.125,-14568034.95,1.35
Fx,Min,dlc14_U11,46508088.6,-99049532.4,109424919.6,52028832.6,-1386326.559375,-652347.3375,1532141.6625,-14759524.35,1.35
Fy,Max,dlc61_U50_Ym8_278,-119799993.6,-50540198.4,130024418.4,-48263655.6,579662.3671875,3934890.5625,3977357.5125,-13691999.7,1.35
Fy,Min,dlc61_U50_Yp8_37,110671455.6,-94410597.6,145470038.4,47057835.6,-223902.66796875,-3634802.4375,3641692.1625,-14242369.05,1.35
Fxy,Max,dlc13_U16_Ym10_615,21867047.55,45800899.2,50753228.4,-2707268.56875,4379477.2875,108223.962890625,4380814.125,-14568034.95,1.35
Fxy,Min,dlc64_U24_Yp8_239,566505.9375,-65250820,65253280,2806868.75,78.7480392456055,-31.7529983520508,84.9088134765625,-10742975,1
Fz,Max,dlc64_U34_Yp8_669,17991850,-43671904,47232848,11029736,395856.3125,-567704.625,692091.5625,-10132587,1
Fz,Min,dlc13_U26_Yp10_839,50360005.8,-73721826,89280667.8,50322265.2,535885.3265625,-617175.1125,817360.5375,-16532757.45,1.35
Span:,119.0999985,Load Case,Mx,My,Mxy,Mz,Fx,Fy,Fxy,Fz,Saftey Factor
Mx,Max,dlc61_U50_Yp8_37,110307754.8,-94388284.8,145179021.6,47057727.6,-224642.953125,-3634453.125,3641389.0875,-14237047.35,1.35
Mx,Min,dlc61_U50_Ym8_278,-119406322.8,-50598286.2,129684445.2,-48263601.6,578751.665625,3934567.575,3976905.2625,-13686675.3,1.35
My,Max,dlc13_U12_Ym10_914,39688690.5,67228363.8,78069484.8,22204512.45,3125642.85,-295788.1640625,3139607.25,-14727694.05,1.35
My,Min,dlc13_U22_Ym10_868,18369231.3,-146139930,147289881.6,-25139559.6,933113.25,160104.43125,946749.009375,-15689806.65,1.35
Mxy,Max,dlc61_U50_Yp8_37,106737555.6,-113771444.4,156002716.8,43214617.8,-337481.62734375,-3529913.175,3546009.225,-14254597.35,1.35
Mxy,Min,dlc13_U20_Yp10_771,5236826.85,-1224769.6125,5378142.4875,-34895661.3,1550350.96875,545729.8640625,1643596.48125,-13774159.35,1.35
Mz,Max,dlc13_U24_Yp10_735,53096342.4,-71001111.6,88658782.2,81359861.4,303481.16015625,-552397.05,630272.4328125,-15523797.15,1.35
Mz,Min,dlc13_U24_Ym10_735,12167228.7,-58580739,59830968.6,-89933490,733701.290625,133965.108984375,745831.209375,-14192296.2,1.35
Fx,Max,dlc13_U16_Ym10_615,21877888.05,45362829.6,50362965,-2707171.03125,4379751.3375,108397.691015625,4381092.5625,-14562733.5,1.35
Fx,Min,dlc14_U11,46442705.4,-98910936,109271678.4,52028832.6,-1386356.85,-652199.090625,1532106.05625,-14754235.05,1.35
Fy,Max,dlc61_U50_Ym8_278,-119406322.8,-50598286.2,129684445.2,-48263601.6,578751.665625,3934567.575,3976905.2625,-13686675.3,1.35
Fy,Min,dlc61_U50_Yp8_37,110307754.8,-94388284.8,145179021.6,47057727.6,-224642.953125,-3634453.125,3641389.0875,-14237047.35,1.35
Fxy,Max,dlc13_U16_Ym10_615,21877888.05,45362829.6,50362965,-2707171.03125,4379751.3375,108397.691015625,4381092.5625,-14562733.5,1.35
Fxy,Min,dlc64_U14_Yp8_150,60631.296875,-68156728,68156752,157601.734375,-78.5320739746094,123.311187744141,146.194854736328,-10871334,1
Fz,Max,dlc64_U34_Yp8_669,17935058,-43711492,47247868,11029761,395543.90625,-567682.9375,691895.125,-10128685,1
Fz,Min,dlc13_U26_Yp10_839,50298051.6,-73775264.4,89289885.6,50322340.8,534176.4375,-617974.903125,816846.01875,-16527487.05,1.35
Span:,132,Load Case,Mx,My,Mxy,Mz,Fx,Fy,Fxy,Fz,Saftey Factor
Mx,Max,dlc61_U50_Yp8_37,63700651.8,-90812880,110926789.2,47037688.2,-334594.27265625,-3582462.6,3598053.75,-13607908.2,1.35
Mx,Min,dlc61_U50_Ym8_278,-68915928.6,-58447969.2,90363546,-49252298.4,418945.5,3880596.2625,3903145.3125,-13098618,1.35
My,Max,dlc13_U24_Yp10_583,29094695.1,30866923.8,42417783,-14213191.5,717844.021875,-434768.934375,839240.15625,-13482148.95,1.35
My,Min,dlc13_U22_Ym10_868,20514155.85,-157075200,158409118.8,-25159653,770167.9125,169300.01953125,788556.346875,-15068632.5,1.35
Mxy,Max,dlc13_U22_Ym10_868,20514155.85,-157075200,158409118.8,-25159653,770167.9125,169300.01953125,788556.346875,-15068632.5,1.35
Mxy,Min,dlc13_U24_Y0_583,13162473,-5463349.7625,14251276.35,-41568317.1,773741.7,339543.71015625,844965.16875,-13567971.15,1.35
Mz,Max,dlc13_U24_Yp10_735,45309888,-74462938.2,87164872.2,81247757.4,235613.74921875,-648997.65,690443.15625,-14899689.45,1.35
Mz,Min,dlc13_U24_Ym10_735,13893739.65,-67878750.6,69286077,-89876574,706618.771875,133763.157421875,719168.034375,-13569903,1.35
Fx,Max,dlc13_U16_Ym10_615,23396685.3,-11300024.475,25982599.5,-2692924.3125,4396043.8125,125703.45703125,4397840.6625,-13937398.65,1.35
Fx,Min,dlc14_U11,38130498.9,-80999686.8,89525887.2,52027493.4,-1389551.2875,-632793.2625,1526853.0375,-14128245.45,1.35
Fy,Max,dlc61_U50_Ym8_278,-68901359.4,-57286710,89605607.4,-48250873.8,453615.946875,3887694.5625,3914069.175,-13057501.05,1.35
Fy,Min,dlc61_U50_Yp8_37,63700651.8,-90812880,110926789.2,47037688.2,-334594.27265625,-3582462.6,3598053.75,-13607908.2,1.35
Fxy,Max,dlc13_U16_Ym10_615,23396685.3,-11300024.475,25982599.5,-2692924.3125,4396043.8125,125703.45703125,4397840.6625,-13937398.65,1.35
Fxy,Min,dlc11_U04_Y0_566,-250122.7734375,-82924505,82924880,-2445870.78125,231.729068756104,169.477729797363,287.090702056885,-13101607.5,1.25
Fz,Max,dlc64_U34_Ym8_793,-12413939,-56286560,57639244,-5329640.5,107139.859375,721932.125,729839,-9667023,1
Fz,Min,dlc13_U26_Yp10_839,41728281.3,-79389957.6,89688432.6,50331326.4,348673.0640625,-701442.028125,783322.3125,-15903811.35,1.35
Span:,132.1000061,Load Case,Mx,My,Mxy,Mz,Fx,Fy,Fxy,Fz,Saftey Factor
Mx,Max,dlc61_U50_Yp8_37,63342178.2,-90779421.6,110693876.4,47037483,-335487.55078125,-3581927.6625,3597604.5375,-13602748.5,1.35
Mx,Min,dlc61_U50_Ym8_278,-68527652.4,-58489900.2,90094987.8,-49252174.2,417942.028125,3880132.2,3902576.2875,-13093459.65,1.35
My,Max,dlc13_U24_Yp10_583,29051163,30795090.3,42335654.4,-14212949.85,717931.6875,-434847.2765625,839355.75,-13477012.2,1.35
My,Min,dlc13_U22_Ym10_868,20531190.15,-157151988,158487472.8,-25159858.2,769027.8375,169361.27578125,787456.096875,-15063517.35,1.35
Mxy,Max,dlc13_U22_Ym10_868,20531190.15,-157151988,158487472.8,-25159858.2,769027.8375,169361.27578125,787456.096875,-15063517.35,1.35
Mxy,Min,dlc13_U24_Y0_583,13196592.9,-5540708.8125,14312565,-41568103.8,773718.91875,339938.24765625,845102.953125,-13562842.5,1.35
Mz,Max,dlc13_U24_Yp10_735,45244742.4,-74486433.6,87151107.6,81246758.4,235174.0078125,-649750.9921875,691001.5921875,-14894552.7,1.35
Mz,Min,dlc13_U24_Ym10_735,13907265.3,-67949425.8,69358032,-89876055.6,706385.6859375,133854.271875,718956,-13564779.75,1.35
Fx,Max,dlc13_U16_Ym10_615,23409294.3,-11739818.7,26188134.3,-2692791,4396011.4125,125826.022265625,4397811.6375,-13932271.35,1.35
Fx,Min,dlc14_U11,38067102.9,-80860750.2,89373180.6,52027477.2,-1389499.734375,-632619.2390625,1526734.06875,-14123097.9,1.35
Fy,Max,dlc61_U50_Ym8_278,-68512375.8,-57332113.2,89335974.6,-48250744.2,452616.8203125,3887205.525,3913467.75,-13052345.4,1.35
Fy,Min,dlc61_U50_Yp8_37,63342178.2,-90779421.6,110693876.4,47037483,-335487.55078125,-3581927.6625,3597604.5375,-13602748.5,1.35
Fxy,Max,dlc13_U16_Ym10_615,23409294.3,-11739818.7,26188134.3,-2692791,4396011.4125,125826.022265625,4397811.6375,-13932271.35,1.35
Fxy,Min,dlc64_U24_Yp8_577,221494.734375,-67875992,67876352,1204490.5,40.106143951416,187.973022460938,192.203948974609,-10434393,1
Fz,Max,dlc64_U34_Ym8_793,-12341724,-56297268,57634196,-5329602.5,106758.03125,721835.5,729687.4375,-9663223,1
Fz,Min,dlc13_U26_Yp10_839,41657935.5,-79424474.4,89686288.8,50331412.8,347434.9453125,-701968.1484375,783243.50625,-15898677.3,1.35
Span:,144.5820007,Load Case,Mx,My,Mxy,Mz,Fx,Fy,Fxy,Fz,Saftey Factor
Mx,Max,dlc13_U24_Yp10_735,38430190.8,-54657223.2,66815355.6,66685275,970191.421875,-1424106.9,1723180.66875,-13618710.9,1.35
Mx,Min,dlc61_U50_Ym8_278,-20543811.3,-64064287.8,67277644.2,-50088175.2,260184.50859375,3768680.5875,3777651.3375,-12495951,1.35
My,Max,dlc13_U24_Yp10_583,23033189.7,21856686.3,31752834.3,-15758305.65,626195.053125,-342813.62109375,713891.728125,-12911123.25,1.35
My,Min,dlc13_U24_Y0_851,24180079.5,-166468932,168215886,-3775718.475,1336773.965625,468872.465625,1416617.775,-14056827.75,1.35
Mxy,Max,dlc13_U24_Y0_851,24180079.5,-166468932,168215886,-3775718.475,1336773.965625,468872.465625,1416617.775,-14056827.75,1.35
Mxy,Min,dlc13_U24_Ym10_583,17782178.4,-9565132.05,20191523.4,-46193263.2,722975.203125,87723.82265625,728277.834375,-12147106.95,1.35
Mz,Max,dlc13_U24_Yp10_735,36516638.7,-77133983.4,85341178.8,81104743.8,198194.82890625,-742426.340625,768425.7375,-14212022.4,1.35
Mz,Min,dlc13_U24_Ym10_735,15727722.75,-76567782.6,78166404,-89800914.6,671079.515625,160348.243359375,689970.4875,-12884005.8,1.35
Fx,Max,dlc13_U16_Ym10_615,25072062.3,-66507793.2,71076684.6,-2674366.5375,4366683.675,137915.15625,4368860.8875,-13253340.15,1.35
Fx,Min,dlc14_U11,30263487.3,-64216233,70990160.4,51443083.8,-1373716.378125,-608847.46875,1502595.05625,-13446697.95,1.35
Fy,Max,dlc61_U50_Ym8_278,-20447648.1,-62213178.6,65487295.8,-48233043,327962.69296875,3804519.7125,3818629.2375,-12369616.65,1.35
Fy,Min,dlc61_U50_Yp8_37,19084071.15,-85947253.2,88040514.6,47008117.8,-436918.6828125,-3502514.5875,3529660.725,-12919358.25,1.35
Fxy,Max,dlc13_U16_Ym10_615,25072062.3,-66507793.2,71076684.6,-2674366.5375,4366683.675,137915.15625,4368860.8875,-13253340.15,1.35
Fxy,Min,dlc64_U20_Ym8_678,-130647.5625,-67437456,67437584,-851207.9375,189.841812133789,-33.3904762268066,192.755905151367,-9861464,1
Fz,Max,dlc64_U34_Ym8_793,-3414630.25,-57338868,57440452,-5324259.5,59462.26171875,707596.6875,710090.75,-9158322,1
Fz,Min,dlc13_U26_Yp10_839,32560355.7,-82908106.2,89072616.6,50345771.4,237735.084375,-742513.33125,779643.5625,-15216565.5,1.35
