Span = ,-30,,,,,
SN slope,Mx,My,Mz,Fx,Fy,Fz
3,56566976.9560103,120820386.172346,22369360.9941227,1056251.75173819,778338.860419836,673365.586658894
4,48121765.9687769,116326266.579474,19937548.9573797,895084.241201946,605855.132627981,522318.224437835
5,46618202.8306642,117931425.608747,19562738.7789458,851208.666023255,541084.156513202,463317.205408038
6,47537263.1892019,121112332.101609,19897586.5170703,844637.657681342,515011.013419917,437470.084379054
7,49521183.8658139,124718367.187084,20492490.2563394,852031.953187892,506769.7383641,426931.302633121
8,52067313.9147784,128356221.533874,21170211.869731,865072.725081632,507993.542550294,424576.864179099
9,54954432.0198925,131871532.947891,21858790.3336839,880374.818336899,514653.802107874,427008.940843067
10,58054868.3286463,135203844.159577,22530288.4746948,896413.849541495,524551.779727432,432386.901554583
11,61269463.068981,138333980.187632,23175584.6992463,912452.904240119,536382.841240168,439613.397870079
12,64511681.9840919,141261722.350163,23793591.7703271,928122.380689967,549331.491250684,447985.189460054
13,67709989.9438411,143995517.480436,24386513.9836461,943237.707846663,562872.60484182,457027.757098128
14,70812235.0265528,146547524.889668,24957675.9074045,957712.933699462,576662.737027276,466410.436892256
Span = ,-29.8999996,,,,,
SN slope,Mx,My,Mz,Fx,Fy,Fz
3,56476194.9725687,120679917.816663,22379305.4122901,1056198.2402537,778351.709122131,673364.528176096
4,48048679.9220275,116206898.099616,19943354.2621233,894976.25782111,605866.774829802,522344.289942115
5,46550947.9296028,117821426.440757,19564869.9016585,851054.775869797,541096.109554425,463370.345045011
6,47473076.916218,121007804.247801,19896414.6704365,844453.397863202,515023.921923635,437553.385967003
7,49460229.670605,124617558.428552,20488566.1707643,851835.095601603,506783.948966169,427044.463668213
8,52010272.4915493,128258093.336753,21164193.6832944,864879.365922182,508009.252670471,424715.05632734
9,54901414.8606378,131775320.205801,21851351.7489882,880197.422286898,514671.115778416,427164.024509984
10,58005186.2805561,135108920.556352,22522055.456913,896260.693599652,524570.738650287,432549.569667719
11,61221919.0969337,138239822.924034,23167097.6871818,912328.391543036,536403.446902586,439775.153332788
12,64465007.579253,141167903.925921,23785287.0412726,928027.798033954,549353.721108584,448139.544226549
13,67663146.0770794,143901700.353237,24378718.855892,943172.113578559,562896.423055362,457170.568539263
14,70764510.2234803,146453453.04872,24950613.2634529,957673.982242986,576688.10043428,466539.633901388
Span = ,-25,,,,,
SN slope,Mx,My,Mz,Fx,Fy,Fz
3,52959834.1673478,116139023.266552,22387239.9491631,1056718.26101821,778481.573457662,672563.044441273
4,45422360.5121298,112236427.38205,19953720.7976386,895697.851564739,606016.811648679,521522.251109653
5,44255695.1811251,113948100.387124,19577278.6910794,851999.805937795,541272.692426055,462392.105943231
6,45297635.889815,117111744.958229,19910087.6015985,845602.59025572,515232.443915114,436333.16435095
7,47312763.0950932,120660126.820057,20502714.2505469,853155.621698141,507028.413375689,425514.913624361
8,49849492.7074255,124225703.793866,21178190.0923601,866337.383554288,508292.244883695,422821.607463565
9,52707607.8161701,127664178.64983,21864746.7167655,881762.822855356,514993.938143729,424863.682882884
10,55766856.1845966,130919611.586627,22534540.8858729,897908.67710289,524933.684573113,429810.334705544
11,58930204.9299015,133974987.558159,23178471.0709506,914039.618489455,536806.126093949,436575.53625244
12,62112339.4969882,136831129.49156,23795425.6153796,929787.833718045,549795.346063525,444468.201306967
13,65243693.5176782,139496957.361039,24387562.7428434,944970.565015537,563376.0065793,453025.937565649
14,68274788.634479,141984798.64445,24958154.3911335,959503.577873746,577204.55705822,461929.361209772
Span = ,-24.8999996,,,,,
SN slope,Mx,My,Mz,Fx,Fy,Fz
3,52894534.8319015,115800608.359907,22387202.1032528,1056768.06241038,778235.21136524,672656.929024523
4,45373212.6697179,111892911.260893,19953693.935192,895607.237487799,605788.750071739,521707.705034573
5,44207998.3078106,113579296.695289,19577256.7222716,851734.44853757,541038.460935518,462681.842467222
6,45244364.5071975,116700760.208313,19910067.9761983,845155.767710038,514980.889853239,436739.415852624
7,47251423.0841293,120191473.472202,20502695.6849319,852538.133271985,506753.256989127,426043.553325863
8,49781142.9803545,123685425.549987,21178171.9245136,865567.525287328,507989.813237023,423471.698125379
9,52635536.1427747,127040012.776506,21864728.6063697,880861.055138523,514662.272142038,425630.335507206
10,55694787.4889318,130201032.075843,22534522.6534887,896894.98395098,524572.00308482,430689.26996918
11,58860801.9149038,133153131.066127,23178452.6124653,912932.200925729,536414.421150259,437567.336427137
12,62046660.210496,135898637.997924,23795406.857293,928602.543411519,549374.076865231,445580.659903935
13,65181512.7558342,138447776.448229,24387543.6193235,943720.782049508,562925.891928418,454273.97194968
14,68215228.7348116,140813963.920249,24958134.8331392,958200.346773747,576726.45633629,463332.982434379
Span = ,-20,,,,,
SN slope,Mx,My,Mz,Fx,Fy,Fz
3,49429850.1466247,111070295.755146,22380918.6935159,1057005.18093984,777807.289688346,672371.891467591
4,42807313.6373559,107759823.75408,19949775.9897525,896135.272668945,605516.197691018,521422.367470139
5,41977332.2947223,109587514.541277,19574612.6010982,852516.073804771,540849.658489666,462443.317110846
6,43137797.9298037,112742332.732876,19908144.6195786,846174.53151619,514854.028009713,436605.082542085
7,45177218.7841003,116239114.911264,20501155.6741289,853782.32979057,506680.656265457,426088.97951823
8,47695476.9928474,119737088.122643,21176819.1890266,867025.120603662,507968.648381555,423786.797240325
9,50514159.0196413,123103242.878487,21863457.8956632,882517.583244977,514691.443400778,426310.448764353
10,53521675.2842757,126287113.676315,22533280.7948083,898733.485140752,524651.031855104,431824.021942792
11,56624263.2534743,129274453.952779,23177213.6821262,914934.141436678,536543.126383472,439230.056550838
12,59738491.6726026,132067420.14999,23794158.1935973,930748.943575617,549552.521544326,447820.732258543
13,62796920.8376293,134675448.747842,24386278.5450661,945993.175690725,563154.364823664,457113.408423685
14,65752582.1881065,137110904.799853,24956849.0790674,960581.454039859,577005.398155734,466767.21603063
Span = ,-19.8999996,,,,,
SN slope,Mx,My,Mz,Fx,Fy,Fz
3,49348899.6664873,110994855.033562,22381921.9965013,1056775.45644928,777586.005608613,672704.821130709
4,42728290.2015764,107694023.121309,19948175.2722246,895884.660539468,605321.070527405,521823.961931515
5,41869525.139702,109526262.98483,19570684.268232,852206.244998092,540653.707773253,462934.113793699
6,42966064.2832743,112689623.307458,19902024.1230912,845788.028825408,514646.159152163,437203.459094023
7,44897151.9071995,116199704.754138,20492926.5280213,853312.074324092,506455.052777229,426804.092153741
8,47257866.041694,119714135.688202,21166517.4994322,866469.962543076,507722.026778338,424614.56748646
9,49876833.4952137,123097860.64478,21851103.6222727,881880.129964425,514422.046662693,427232.407108315
10,52663136.9970942,126298657.719382,22518918.2556333,898018.732540206,524358.103961817,432809.564830172
11,55550713.0158064,129301037.416962,23160944.8003916,914148.454987789,536226.560248064,440241.486230327
12,58480257.8948451,132106418.235541,23776164.1458098,929899.293267415,549212.608679258,448819.44300991
13,61398068.5818382,134723907.542601,24366829.5473413,945086.594588856,562791.628838581,458065.390827966
14,64260440.8646613,137165836.697531,24936302.0666945,959624.684672994,576620.498224067,467646.635343657
Span = ,-15,,,,,
SN slope,Mx,My,Mz,Fx,Fy,Fz
3,45944258.4651967,106406043.056487,22380873.5531054,1057644.05660209,776142.660776245,672055.680526162
4,40224605.8745207,103631695.930874,19949260.7941552,897408.102650606,604324.434976489,521205.655662446
5,39716036.905141,105559852.822715,19573613.421924,854105.892412523,539879.487011317,462259.712157166
6,40984861.8273043,108711896.216763,19906790.9277915,847904.177237597,514020.850922063,436432.046810989
7,43044865.451897,112175283.247688,20499579.675898,855560.315165787,505948.165200982,425917.869312966
8,45545301.0101516,115629818.289937,21175112.9887515,868809.647172053,507318.259673622,423613.547276895
9,48327017.1085376,118949151.772414,21861674.5556132,884293.51147459,514112.014795771,426130.656120966
10,51285175.0203214,122084906.706979,22531447.5785271,900499.368602059,524134.956696563,431630.32253576
11,54328351.0280254,125023345.788443,23175343.5104808,916695.011477095,536084.770541316,439011.784649089
12,57374929.6335962,127766670.875887,23792256.6646357,932512.224394667,549147.531802324,447565.523343066
13,60359980.1605834,130324319.890826,24384347.5720442,947766.399580051,562799.26153672,456809.748568991
14,63239494.8342619,132708747.9734,24954888.5873575,962371.074199421,576697.238983358,466406.772487862
Span = ,-14.8999996,,,,,
SN slope,Mx,My,Mz,Fx,Fy,Fz
3,45874938.6750631,106536425.631293,22380785.5767708,1057533.85007413,775947.867464476,671245.496245076
4,40173200.9623261,103779840.302582,19949198.9631916,897331.002952771,604156.865373214,520457.393319992
5,39670926.2981428,105699505.462845,19573562.4008405,854041.095547907,539714.663063141,461464.748138289
6,40941865.2378528,108827938.707891,19906744.8823321,847836.315904623,513849.008246295,435550.067459877
7,43002293.4224831,112258069.257619,20499535.7902965,855475.379478177,505764.326636599,424938.710852018
8,45502411.5384973,115674051.110277,21175069.8404635,868694.900533351,507119.66400207,422548.311201472
9,48283422.3161803,118953133.076355,21861631.4342436,884138.050928838,513897.182542955,425006.607618741
10,51240607.5601355,122049681.045338,22531404.1367876,900294.621362502,523903.221235164,430484.721230363
11,54282590.177721,124951849.555647,23175299.5818697,916434.971885767,535835.980150913,437884.704438319
12,57327798.3700737,127662991.913389,23792212.168712,932193.418991799,548881.846612438,446493.241418904
13,60311359.8962852,130193110.719528,24384302.4648468,947387.642087851,562517.022282577,455820.19019181
14,63189331.9921969,132554793.800551,24954842.8352986,961933.092155152,576398.892324334,465517.600176976
Span = ,-10,,,,,
SN slope,Mx,My,Mz,Fx,Fy,Fz
3,42527714.894417,102073456.811371,22375899.407541,1055812.70758542,772962.790952084,671550.095689939
4,37699432.2747092,99801628.9438113,19945761.915415,896490.446068456,602019.065717663,520632.907234408
5,37497997.2970844,101793467.257453,19570723.2022861,853593.111926327,537975.848690419,461562.063995328
6,38865471.5515955,104896406.421232,19904180.469859,847597.151210602,512358.819905394,435558.233990879
7,40940837.3966395,108272968.578302,20497090.4771925,855380.431747254,504458.626066085,424819.541610524
8,43420512.1038109,111627921.50112,21172665.0816147,868730.75722346,505965.841776082,422248.244720162
9,46162924.0939834,114845544.035293,21859228.1234644,884311.332591047,512875.801245145,424465.577359314
10,49069185.2377327,117882457.651893,22528983.3244598,900617.7674255,523001.128805744,429644.791369846
11,52050106.2425958,120727253.817426,23172852.4134221,916920.020149861,535043.635479995,436697.792914372
12,55026156.4352022,123383085.563638,23789734.6567847,932849.541539722,548192.18539702,444926.589550578
13,57935244.2771428,125859610.518778,24381792.7452051,948220.442717,561924.78995293,453858.720546014
14,60736549.2343189,128169117.176279,24952299.7061981,962944.710304997,575900.05579502,463163.226807817
Span = ,-9.8999996,,,,,
SN slope,Mx,My,Mz,Fx,Fy,Fz
3,42466974.0271912,102041493.117078,22367499.5742382,1056173.83704134,772784.495704255,671885.453427035
4,37652984.7186316,99834787.3508444,19934150.5750954,897144.892976421,601871.788534089,521043.596433868
5,37455700.2948093,101866525.905562,19555546.6841633,854510.209754067,537836.177910409,462060.24329963
6,38824232.3999557,104993028.977967,19885882.9858061,848727.755144339,512217.82857355,436151.773739975
7,40899585.0855586,108380455.608942,20476480.5316354,856668.714015946,504311.955448538,425508.83912233
8,43378772.5276558,111736296.253401,21150611.1635322,870121.955191083,505811.127862116,423026.401296887
9,46120383.5889491,114947298.00726,21836530.0812448,885755.6500374,512711.754597715,425320.157841933
10,49025567.9430597,117972310.584914,22506337.5042524,902072.39009061,522827.102559556,430560.153013093
11,52005166.1422243,120801843.918527,23150847.9857188,918349.874408459,534859.376050018,437657.176501048
12,54979704.7038602,123440615.514639,23768855.9553788,934227.154524081,547997.67551537,445913.578729265
13,57887169.5315013,125899489.579825,24362420.7258739,949525.246815431,561720.151677371,454858.068465125
14,60686818.2329554,128191631.461937,24934711.9931962,964162.081143585,575685.495704605,464161.248360154
Span = ,-5,,,,,
SN slope,Mx,My,Mz,Fx,Fy,Fz
3,39221409.6261282,97800589.0802134,22369810.9670728,1054945.74112494,767892.428743202,672354.407523608
4,35253388.7160032,96026150.5555491,19941472.7325833,897711.436112031,598321.532834755,521530.214265928
5,35334825.2847571,98095151.415832,19567174.0134968,856023.916886956,534903.123998009,462629.139154287
6,36787844.5780191,101162372.135042,19900970.472074,850778.100127685,509656.730866093,436824.903100624
7,38872922.7856635,104461044.524458,20494026.8346195,859043.897467557,502016.878693972,426280.013883725
8,41329437.3902606,107720427.621593,21169650.6474895,872710.459231915,503727.437381132,423863.094962455
9,44030782.5291112,110836065.359205,21856214.6730016,888495.876640418,510806.425850954,426166.71458121
10,46882815.8738068,113770534.164372,22525947.6920874,904928.026339673,521077.441867482,431344.895973475
11,49798390.5405339,116515733.293507,23169784.0612428,921297.939783447,533248.545906957,438302.352808848
12,52700422.870623,119076637.411774,23786629.2211312,937252.020957804,546512.772665718,446345.741767045
13,55530142.6057304,121463834.190523,24378648.6436404,952615.514879295,560351.128058432,455016.590120545
14,58250280.5551617,123689987.550752,24949116.3134866,967308.885644534,574424.288361065,464003.602873346
Span = ,-4.9000001,,,,,
SN slope,Mx,My,Mz,Fx,Fy,Fz
3,39156064.1523833,97597896.1504151,22366846.9382731,1053876.52558658,767557.694712751,672525.298458914
4,35205037.3192713,95764260.8722681,19939628.5270398,896644.617714672,598065.603996194,521627.635273686
5,35291976.4637035,97766567.8661126,19566077.4098961,854958.948859281,534684.814328945,462679.936558978
6,36746639.9078927,100764296.860429,19900353.6753087,849745.939178684,509463.995190853,436841.732865228
7,38831896.0206918,103992810.61584,20493686.3783507,858069.802227873,501844.59449227,426281.597339647
8,41287950.305187,107183294.186496,21169455.1347752,871809.698050933,503571.506596637,423881.027176508
9,43988478.7692375,110233087.41886,21856089.931442,887675.218769449,510662.483199418,426245.828309099
10,46839424.5947889,113106330.181607,22525855.5329153,904187.841695498,520941.151204348,431539.213546508
11,49753678.6824138,115796171.260026,23169706.0433331,920634.159624825,533116.165029153,438668.651403275
12,52654208.1943768,118308483.144225,23786556.8566763,936657.818531339,546381.464417223,446936.821482168
13,55482313.4063641,120654403.111628,24378578.1747947,952082.64513454,560218.96583625,455875.850626911
14,58200800.2292641,122846830.199184,24949046.1290085,966828.674372616,574290.085572853,465161.740059491
Span = ,0,,,,,
SN slope,Mx,My,Mz,Fx,Fy,Fz
3,36030069.0687173,93357427.8695051,22362663.9599513,1051340.01562418,760624.283055948,671221.484518274
4,32886709.8741703,92049800.5607795,19936432.9300008,896623.666972653,593002.336948424,520548.885821992
5,33225385.5154888,94198962.4163114,19562998.5863061,856222.569717499,530464.868783125,461694.330883428
6,34750619.7153692,97243415.2366405,19897190.1715937,851714.843313099,505735.120969558,435916.79996455
7,36839393.8185202,100480916.195951,20490416.2480011,860445.713233647,498452.683589738,425413.996932479
8,39269983.3592821,103662798.641643,21166096.3892951,874433.02958187,500437.468594347,423074.5174301
9,41928413.9915519,106694512.248366,21852660.6053049,890456.54945621,507740.030097517,425502.853928019
10,44724122.0825944,109543746.785548,22522367.0339885,907075.094765465,518199.935390408,430858.708291323
11,47571693.7147707,112205211.488038,23166164.8831031,923596.345817666,530534.566067617,438046.827915427
12,50396711.1196574,114685447.301838,23782966.9219964,939676.355122688,543943.332498088,446368.821270289
13,53144104.4870004,116995884.776111,24374941.9924666,955146.34318929,557911.895113013,455357.041440636
14,55780473.6125756,119149587.821081,24945365.3064239,969930.686603186,572104.184183384,464688.282318016
Span = ,0.1,,,,,
SN slope,Mx,My,Mz,Fx,Fy,Fz
3,35936180.2257041,93292121.9627699,22362510.8417622,1051057.92667766,760326.3128381,671302.65778555
4,32808386.4477385,91989702.6675779,19936324.9067745,896431.333291465,592789.886949303,520555.40429389
5,33155529.9624738,94136474.3007831,19562909.0348652,856087.764250942,530295.629013043,461669.924159583
6,34688469.5137127,97177103.4563696,19897109.0453958,851620.020627654,505594.058538412,435888.283327604
7,36784375.0870614,100410764.486963,20490338.7236228,860378.521541743,498331.750499271,425411.025561127
8,39220547.606541,103589132.474457,21166020.0423229,874384.642627873,500330.941654326,423133.829914216
9,41882402.3297734,106617687.928631,21852584.2371463,890420.758050164,507643.493681556,425667.066571681
10,44679466.2302084,109464073.5816,22522290.0750247,907047.608087514,518110.117735398,431172.372884
11,47526865.0517779,112122949.68099,23166087.0825481,923574.252801263,530449.223450833,438551.51347875
12,50350792.2332593,114600823.603288,23782888.18719,939657.713922782,543861.04019483,447098.631525298
13,53096646.3646066,116909105.265781,24374862.3042905,955129.874798927,557831.803008871,456335.517310314
14,55731320.1012015,119060844.519388,24945284.6733646,969915.553470453,572025.802477415,465927.084978126
Span = ,5,,,,,
SN slope,Mx,My,Mz,Fx,Fy,Fz
3,32990639.8373594,89087756.3893281,22354519.5475554,1043915.66770361,750274.548915958,671215.744110475
4,30616955.3581361,88166459.7868741,19930685.9573913,892229.344005094,585286.993533505,520473.684552244
5,31181467.5212471,90353018.869442,19558232.778677,853203.294102645,523888.718041623,461560.437846194
6,32764573.5833104,93347228.3350274,19892871.7628869,849399.794174679,499779.647897675,435723.681768572
7,34850104.3190104,96505762.8607749,20486289.179929,858524.485190872,492886.807374115,425165.521660136
8,37249895.1186557,99599318.8526488,21162032.0435472,872750.39981374,495139.445729825,422784.87036149
9,39860474.8718944,102541251.693471,21848595.4560165,888927.640407242,502637.193755737,425196.36289833
10,42594481.8427904,105302820.119463,22518270.9557863,905649.031053355,513245.122975929,430564.941227778
11,45368695.6237517,107880393.073488,23162024.6908016,922240.112531056,525695.916003051,437793.619475197
12,48111981.1575024,110281246.31466,23778777.8433174,938367.147313981,539199.187275393,446176.282167473
13,50773367.9069742,112517062.284545,24370703.1792003,953867.625636899,553247.622672715,455234.521597154
14,53323458.0976695,114600889.349602,24941077.3934419,968669.990489838,567509.754223888,464634.574513882
Span = ,5.0999999,,,,,
SN slope,Mx,My,Mz,Fx,Fy,Fz
3,32896013.7646703,88503157.4228727,22335525.4093674,1043155.87409045,750037.763394561,671221.972597814
4,30532777.4772993,87569277.1980835,19911646.5592553,891475.952352747,585110.371347998,520537.758996719
5,31094496.4892656,89721240.2273297,19539803.4593609,852451.761213369,523738.038821533,461678.159218415
6,32670623.6939717,92664217.1490595,19875967.2803393,848667.187882228,499643.030991737,435912.282690817
7,34749978.5426229,95758652.6432398,20471389.138586,857825.667797676,492758.953703203,425453.280897611
8,37147762.2373802,98778484.7636286,21149197.1093498,872096.183589216,495017.564038121,423205.666235495
9,39761500.614328,101639600.231367,21837657.4952035,888325.351046846,502519.620289404,425784.545116253
10,42502422.7855642,104315069.525999,22508981.5843498,905102.882874213,513130.779606645,431350.764271839
11,45284851.9208002,106802481.280378,23154135.0871142,921751.530835271,525584.074260626,438799.990220138
12,48035653.6064939,109109900.987881,23772071.8841296,937935.196908887,539089.349992692,447417.137499987
13,50702893.1089305,111249514.125569,24365005.3006022,953489.535946102,553139.450631043,456714.653750565
14,53257037.4762986,113234693.953604,24936248.5082702,968341.706373115,567403.011088793,466350.465264819
Span = ,10,,,,,
SN slope,Mx,My,Mz,Fx,Fy,Fz
3,30134920.5514087,83707649.2894895,22331045.0448878,1033903.07345576,736948.812044734,671206.840856243
4,28455732.983568,83168372.0116157,19910434.5758371,886034.477699997,575335.664455469,520463.586064909
5,29210319.424891,85417092.035667,19539749.6392182,848706.805557437,515391.38585891,461504.221762884
6,30836521.3956715,88403188.4342938,19876162.8995684,845755.58812876,492070.122055276,435604.818023607
7,32911872.4321112,91541364.8869192,20471477.2031705,855344.695494057,485668.542853445,424983.683954213
8,35276017.2397024,94618606.207175,21149086.9415403,869841.787137454,488256.825520253,422553.961313665
9,37833899.4412271,97551363.0221809,21837351.61039,886184.900815109,495997.838557428,424942.621855985
10,40501008.7035966,100309482.317512,22508491.6444204,903009.538859964,506789.151421414,430323.580278401
11,43196777.1413342,102886782.844048,23153452.8605854,919663.793170105,519382.400704239,437604.293739196
12,45853948.282887,105288182.342488,23771166.8417823,935826.856655019,532999.353703934,446078.257536733
13,48426025.7688234,107523626.292333,24363832.5800745,951344.143969463,547140.75751116,455262.462358762
14,50887735.824785,109605080.797269,24934759.3373451,966149.201588094,561480.29889416,464815.614394899
Span = ,10.1000004,,,,,
SN slope,Mx,My,Mz,Fx,Fy,Fz
3,30081167.9699122,84129028.2604987,22336598.8292243,1033296.84246347,736650.427482367,671781.858073761
4,28414295.5566915,83536806.1390544,19917459.8272806,885537.196888619,575112.813822654,520987.406232778
5,29172082.8308459,85707902.4393071,19547870.0741492,848273.721205074,515201.074852023,462061.362884477
6,30798912.8833049,88596964.4574756,19884556.9754587,845373.556980255,491897.409953031,436226.925092372
7,32873931.4632823,91624238.8843964,20479383.888561,855007.407875507,485506.73743133,425678.218615409
8,35237254.5201668,94583105.7683441,21156027.3565751,869544.869411108,488102.365472223,423311.275342653
9,37793976.080541,97396063.7968918,21843125.1092329,885924.478468867,495848.563978854,425740.475074378
10,40459646.9305493,100037917.192824,22513093.0635129,902781.753297178,506643.628798352,431132.503626061
11,43153760.1787657,102506116.675968,23156989.3567265,919464.717231357,519239.631850477,438393.508265834
12,45809141.6470315,104807959.25777,23773796.7789041,935652.57720746,532858.632011534,446820.831617962
13,48379385.1014752,106954730.430848,24365726.6654442,951190.889973835,547001.580729566,455938.610557625
14,50839297.5632872,108958946.945768,24936078.5318035,966013.458950533,561342.305007005,465413.818723201
Span = ,15,,,,,
SN slope,Mx,My,Mz,Fx,Fy,Fz
3,27474651.7453513,79945821.0970332,22319559.3689915,1021154.03918813,720441.683325957,672092.577124038
4,26394456.3360247,79695106.7777887,19904801.823629,877971.199050629,563000.903115883,521264.036354495
5,27302916.4678348,81922679.202689,19537639.3078788,842684.297145153,504853.405671582,462392.754921386
6,28960162.1782175,84788710.2547598,19875980.541011,840732.681889031,482504.456435274,436660.329286576
7,31021241.008838,87761796.5858473,20471966.991118,850851.360588643,476707.861784345,426248.981312693
8,33347468.4993773,90652529.7084137,21149405.1379925,865646.591811161,479708.300097133,424048.513843398
9,35849857.0899974,93391365.8317844,21837028.2591461,882162.823659706,487747.285950392,426667.375353141
10,38446296.2787688,95957402.2149566,22507327.7975438,899086.818578505,498763.045129796,432265.100233799
11,41059443.7309908,98350596.4232818,23151420.3091553,915793.680553944,511530.905580447,439739.288404794
12,43626709.5761965,100579737.954766,23768332.3324284,931978.092738831,525287.554050357,448377.942092053
13,46106608.5220381,102656967.22808,24360306.7965824,947494.971053325,539543.234266219,457696.109140257
14,48478218.2351058,104595232.833674,24930665.0989976,962283.979723145,553977.288446864,467353.004883835
Span = ,15.1000004,,,,,
SN slope,Mx,My,Mz,Fx,Fy,Fz
3,27437381.3160518,80388113.2214323,22334842.711596,1020383.19779903,720079.964045836,671869.747152913
4,26368635.8944124,80171056.2252797,19916787.966189,877402.385719184,562730.612111403,521158.748934212
5,27280275.8058637,82444820.8166948,19546697.1137441,842251.631075556,504622.478506612,462342.474376312
6,28937298.6920115,85361498.1141247,19882411.6019604,840401.892714787,482294.816628948,436639.338380979
7,30995950.2548979,88384770.3187875,20476287.2943713,850595.781305798,476511.439653732,426235.866491756
8,33318455.723487,91322607.3030979,21152178.4171704,865445.100725294,479520.847162403,424016.672404481
9,35816740.5450397,94104117.792747,21838737.0694662,881999.257312647,487566.285999388,426582.816362887
10,38409337.5355939,96707721.3909027,22508335.5119413,898949.198107402,498586.888924792,432088.41045338
11,41019158.2491616,99133054.6338213,23151981.0356144,915673.367280041,511358.518905781,439429.948258676
12,43583601.6823461,101388787.473265,23768615.47014,931869.000352581,525118.199502498,447899.132440276
13,46061082.8096118,103487065.32193,24360421.4227044,947392.895022785,539376.384135641,457018.466075742
14,48430590.6270148,105440926.685884,24930679.5102064,962186.062025779,553812.533105937,466456.539315538
Span = ,28,,,,,
SN slope,Mx,My,Mz,Fx,Fy,Fz
3,21757718.7684794,69618165.6377219,22290842.8180956,974318.915535602,660988.537892308,671267.419283172
4,21685552.3855769,70010067.5691372,19880467.3531776,847709.592242516,518612.886595622,520616.065627125
5,22830613.8297814,72251416.9049634,19513116.0738248,819401.644281859,466980.758211478,461823.687011893
6,24502131.4004063,74941142.6916865,19850558.8351665,820751.937314612,448172.447740149,436145.160507058
7,26479414.5848415,77664322.2847892,20446074.3235729,832559.592292122,444577.644623544,425778.556956999
8,28661496.708007,80276313.6545004,21123662.0430094,848264.625892874,449063.675303624,423609.927810259
9,30973822.7528237,82728136.2926816,21811919.9347033,865274.062037137,458156.022176623,426236.463377247
10,33344683.7928998,85008978.4764932,22483139.8043407,882447.1574677,469945.06997956,431806.571113947
11,35709269.4585763,87123706.2298403,23128267.2642438,899249.713769716,483298.841326942,439211.888312525
12,38018921.5062499,89083266.5732948,23746207.1883554,915428.603635782,497513.697843289,447741.493816845
13,40244883.4172435,90900449.4158802,24339125.5813396,930870.917733514,512137.052100638,456917.558048388
14,42376278.8985312,92588025.4433445,24910300.970498,945537.128902395,526868.641269691,466409.871162668
Span = ,28.1000004,,,,,
SN slope,Mx,My,Mz,Fx,Fy,Fz
3,21644714.863175,69762916.7654303,22301216.2182396,971995.791295064,660443.651977636,670794.453307571
4,21585896.2083377,70187340.5072435,19891043.2048542,845171.163396005,518206.775386604,520186.977617536
5,22736648.982912,72473889.6109035,19522487.0609033,816621.569683099,466635.038481233,461400.205452179
6,24411407.9988223,75222463.5182995,19856719.2320572,817792.788043424,447859.778748133,435720.481679658
7,26392507.540292,78016427.0825231,20447017.9553198,829494.826597685,444285.608566752,425357.920114076
8,28580573.1326234,80708749.2973744,21117502.0516645,845164.188321258,448785.527446466,423203.579789783
9,30900652.4491161,83248162.6216352,21796791.5620345,862200.002768892,457887.63794959,425855.642905919
10,33279391.2466849,85621906.6917412,22457081.5505275,879451.095348046,469683.770971507,431460.896087436
11,35650491.0900552,87833246.3037396,23089152.6092493,896371.663611344,483042.85579937,438907.856168568
12,37964675.8651154,89891817.8546574,23691744.1935911,912697.089761896,497261.842033215,447481.973358094
13,40193304.9059652,91809333.5451308,24266927.2639379,928304.034216677,511888.50013968,456702.066735318
14,42325947.4614279,93597677.4222984,24818023.4653992,943144.137752481,526622.751555572,466235.341890703
Span = ,41,,,,,
SN slope,Mx,My,Mz,Fx,Fy,Fz
3,19146631.2222001,61608980.0637007,22258854.1169015,907390.229463451,579355.18584263,671454.493015384
4,19139449.2395401,62286242.2699533,19860078.6913427,803130.23404322,457960.156841123,520870.522878769
5,20174742.4731645,64473155.9728753,19496744.1658144,783992.747318484,415533.582387539,462150.276324187
6,21658552.9985682,67018041.9052286,19834710.3706671,789722.295822691,401805.481019343,436539.713525292
7,23397933.2460986,69575782.9590332,20428936.2222762,803893.344379795,401398.304059537,426230.642180835
8,25304826.4140327,72025671.3723153,21104442.70076,820995.551595284,408042.221744395,424108.631230675
9,27317487.8677932,74326937.4344127,21790445.738097,838871.243361926,418681.020493752,426776.691237666
10,29378849.1046927,76470885.4850021,22459585.8505836,856582.756432958,431647.89723914,432392.871837183
11,31437422.4642526,78462148.916842,23102989.7487201,873703.783473178,445962.316634606,439858.356476907
12,33453853.4197244,80310658.148574,23719641.3131038,890045.583565673,461009.455086846,448468.410243701
13,35404337.9379123,82028043.6662107,24311721.7164109,905537.21687628,476378.284267538,457746.651341348
14,37279670.4407149,83626008.1600943,24882482.7330147,920168.236044559,491777.169306594,467360.065783915
Span = ,41.0999985,,,,,
SN slope,Mx,My,Mz,Fx,Fy,Fz
3,19154112.9561212,61200254.2305813,22265525.026605,909640.074310519,578691.90619149,671242.996793979
4,19147640.9890743,61818019.2142486,19867756.2361643,805475.175092544,457503.112618162,520779.949992025
5,20181389.4732354,63942629.2786278,19505937.6909179,786141.498245703,415194.620167652,462134.950895612
6,21660903.1910895,66425239.0835297,19845405.9594472,791539.059565341,401561.915166902,436582.658334828
7,23394347.1170081,68922733.1957856,20440872.4180228,805337.749608297,401242.660058103,426317.436601445
8,25295095.3397982,71316372.9241492,21117271.1073572,822074.834998423,407967.219067798,424220.778533368
9,27302418.8882558,73567120.6466707,21803805.5916393,839616.324402665,418674.453587806,426891.547949983
10,29359591.5462245,75667571.3420331,22473131.8551077,857035.745608859,431692.19203648,432486.750033223
11,31414976.6019475,77623138.3421406,23116402.1646029,873910.609968806,446036.592782275,439910.612076909
12,33428894.7173829,79444056.3527768,23732631.4500411,890051.438102142,461092.564830893,448464.771885539
13,35377242.4967202,81141871.9449192,24324037.3821609,905383.844514355,476451.652195463,457680.786257857
14,37250598.8332117,82727917.0957416,24893914.5907874,919892.517064323,491826.674912674,467233.259894363
Span = ,54,,,,,
SN slope,Mx,My,Mz,Fx,Fy,Fz
3,19268699.8107909,55595560.6105616,22214152.2805508,836639.434583567,480511.680988556,672156.065144076
4,18457399.9708609,55968027.1398338,19831161.5064988,758406.222094637,385545.514343799,521344.060777492
5,19082781.9262686,57820449.2239635,19476644.900633,748903.857914078,355114.570810346,462495.158181138
6,20223081.2994692,60044541.0122755,19820333.5308774,758635.890436185,348229.137027812,436757.011060576
7,21631845.2700012,62307284.5941978,20418209.5604546,774591.116679821,352205.437461276,426282.391650581
8,23214116.090513,64488460.3290842,21095887.0895803,792477.433370801,361857.058467153,423936.356906278
9,24912904.341817,66544824.3246965,21783017.8425152,810626.948460923,374694.644105752,426312.891660106
10,26677197.2330309,68464854.1814515,22452547.7785932,828328.462523469,389388.594256525,431571.144768999
11,28457947.7150072,70250705.6265224,23095808.0339958,845274.344932984,405151.502663485,438622.436815912
12,30213835.060911,71910288.2746973,23711919.3616914,861343.885288711,421459.295431755,446779.071685009
13,31916114.926334,73453608.5016197,24303159.3154375,876507.419561299,437926.042880689,455585.487081617
14,33549227.6175541,74891051.0478422,24872854.1407668,890780.44323572,454254.009145458,464729.87962009
Span = ,54.0999985,,,,,
SN slope,Mx,My,Mz,Fx,Fy,Fz
3,19280578.8673104,55834215.2186889,22225568.5490312,833596.148044491,479595.065806363,671914.792260991
4,18465088.3816539,56199647.3997221,19839479.4047081,755149.459424046,384849.471773465,521175.953336506
5,19092746.5590422,58036091.6142294,19482428.5152414,745379.364693662,354516.887974067,462362.169013464
6,20236651.3348316,60236368.5490933,19824062.8688817,754864.295617295,347692.144592115,436646.915093269
7,21647899.9610573,62470731.9791578,20420448.7888395,770602.587953257,351715.618920784,426190.057643361
8,23229955.7940766,64622011.1404708,21097141.7119589,788305.486897586,361408.196655915,423858.258632317
9,24925425.0609467,66649184.8360998,21783662.95229,806307.816247176,374282.042006414,426245.332745231
10,26684111.0882891,68542104.6313407,22452832.4466891,823900.300418541,389007.372919306,431510.127320412
11,28458347.127708,70303627.780581,23095886.6537061,840776.031441224,404796.477509456,438564.239682955
12,30207986.7156131,71941900.8027603,23711883.2638923,856813.637071711,421125.318864165,446720.90152415
13,31904918.6389866,73466877.7668035,24303060.6616298,871981.465168911,437608.358069256,455525.838803244
14,33533744.0214922,74888729.9147762,24872721.874029,886291.937116302,453948.479057772,464668.517908411
Span = ,67,,,,,
SN slope,Mx,My,Mz,Fx,Fy,Fz
3,19989972.1059101,50537026.5563293,22177945.6698626,723802.412124225,316490.558800958,672753.570779792
4,17970921.7006168,50412389.0164485,19800398.6066704,684365.052544645,270135.608218891,521735.697141812
5,18059652.0845764,51877278.4817639,19444937.7859877,688030.75859284,261962.480297566,462775.973899233
6,18845897.0335349,53743207.6912866,19786122.5722085,703207.531571618,267170.279158717,436970.800712073
7,19944227.1432735,55675559.5949228,20381590.5283076,721753.094328835,278327.283821726,426461.928200807
8,21219808.0923438,57553443.9568839,21057494.2440057,740946.683750723,292680.173415422,424112.494449696
9,22608706.3285252,59331533.4904645,21743573.6189367,759736.443722799,308999.140882514,426515.392479649
10,24065953.1092388,60995780.8070499,22412710.6663913,777702.598056516,326552.635898867,431826.86808431
11,25551402.4363735,62545883.5353976,23056136.7935108,794695.889110746,344761.370932658,438953.196317425
12,27029544.5214392,63987552.3421466,23672872.8677495,810689.347715451,363121.524481241,447200.241651765
13,28472710.2515116,65328902.1951163,24265102.3574475,825711.569340864,381222.523619534,456105.684845227
14,29862727.9485149,66578720.0686469,24836060.8557394,839815.245573574,398770.203669709,465351.582868501
Span = ,67.0999985,,,,,
SN slope,Mx,My,Mz,Fx,Fy,Fz
3,19758264.9577642,50269492.2860306,22185776.0025066,690259.120610324,273433.748332525,672253.406401781
4,17834757.4101958,50167937.0146058,19811292.9327201,659578.275308112,241447.874147034,521324.636031584
5,17956272.2352027,51634998.9300038,19458974.767602,665784.482969343,239271.145044899,462397.038612615
6,18753034.5725683,53500024.121536,19802754.0076005,681772.549354805,247345.046973879,436618.858516556
7,19853699.7737146,55431931.1184759,20400045.4163883,700498.328930132,260087.56313459,426158.890352441
8,21128875.892475,57310803.2058806,21077022.7161609,719599.859784043,275501.659644226,423899.676091364
9,22516816.3036366,59091457.1967207,21763523.2056817,738179.163521545,292647.528989611,426447.120307349
10,23973245.6873419,60759654.2263715,22432529.881628,755896.030138127,310873.698661105,431962.710582152
11,25458012.4117061,62314774.7303802,23075363.0450851,772646.495580529,329602.483565498,439349.51386976
12,26935419.3281011,63762186.3932516,23691123.0986472,788430.205057857,348325.031234725,447902.735357961
13,28377701.4168346,65109683.3077178,24282069.2348302,803291.070988869,366646.222185218,457144.408685949
14,29766739.024689,66365775.2072593,24851513.017209,817289.813245679,384306.341266335,466739.040151559
Span = ,80,,,,,
SN slope,Mx,My,Mz,Fx,Fy,Fz
3,19495595.2751941,44941161.1654504,22147933.1599435,639697.351499878,199612.959256531,673188.275608428
4,16816995.2282132,44317422.3527115,19784467.5731595,625591.784365757,192803.034151618,522081.308436479
5,16485209.4879722,45419359.6404613,19436634.5300064,637677.964290231,199504.48272647,463122.333021563
6,16953753.4433844,46956339.4582241,19782437.6368041,656582.669628395,211352.035418992,437375.761809267
7,17768146.036409,48586621.9810094,20380575.4894227,677064.451074587,225867.65933437,426979.255464622
8,18763842.3125207,50187476.9884291,21057810.6703843,697346.395408721,242071.738057311,424796.519564924
9,19868544.4592699,51710797.395379,21744281.0863811,716780.112665417,259434.380487372,427419.401906102
10,21039846.5435427,53139546.6849669,22413124.6223705,735151.719869467,277531.909143627,432999.172014754
11,22244453.4498508,54470751.6532064,23055741.0812353,752427.249656752,295955.845898274,440432.695775009
12,23453296.5678777,55707904.0851711,23671271.2676745,768647.129346214,314337.489794742,449012.806200485
13,24642390.6044115,56857320.7511632,24261993.9660056,783879.864791929,332398.055333058,458262.223196624
14,25794285.5902225,57926336.3368537,24831228.6723853,798201.441954565,349973.898517018,467848.10638972
Span = ,80.0999985,,,,,
SN slope,Mx,My,Mz,Fx,Fy,Fz
3,19486581.9232745,44920623.5245927,22147650.8482201,638957.441854941,199269.521103672,672942.942056213
4,16806587.2824063,44289069.4994677,19784267.2737239,624778.003255764,192735.79526273,521816.563924501
5,16474215.2128935,45384796.1061982,19436467.6379438,636738.671053989,199813.85792577,462820.327214745
6,16941860.7244325,46916257.1062347,19782285.7972405,655534.875584953,212268.008283066,437025.802149737
7,17754540.6170259,48541664.4579689,20380429.9268042,675943.711058366,227682.818419373,426575.926063767
8,18747820.3424499,50138280.6088179,21057667.0056668,696190.818394555,245049.974194469,424339.135678363
9,19849754.7004703,51657950.618625,21744137.1828766,715623.980375968,263700.884139538,426911.363459612
10,21018258.9092063,53083564.6050126,22412979.4969815,734023.097122663,283015.009820982,432447.137903813
11,22220225.1071835,54412068.8780624,23055594.3415219,751347.461594847,302418.167643524,439845.725909888
12,23426650.5032341,55646878.6367619,23671122.8199967,767631.120759235,321458.471919193,448401.520084429
13,24613546.4518429,56794243.1023191,24261843.860227,782936.963487738,339848.166565845,457637.950527552
14,25763433.7075825,57861440.0807063,24831077.0149394,797336.28395077,357454.373293043,467222.040413399
Span = ,93,,,,,
SN slope,Mx,My,Mz,Fx,Fy,Fz
3,18269800.7407325,39592381.8576684,22112687.2142568,613466.550530613,196133.734679009,672984.060823529
4,15284838.0158043,38388005.1551594,19759480.7878572,606329.604017043,189872.610760139,521787.35516027
5,14644778.7015341,39094155.2772059,19415827.4013482,620849.836339172,196994.467475539,462711.678868674
6,14833346.7958979,40287944.035485,19763517.9177148,640900.771468536,209222.156026283,436837.72817313
7,15384232.5314778,41607293.8028108,20362446.9872471,662021.037070307,224192.024827249,426316.56420466
8,16117861.2067388,42924850.8698674,21039925.4102393,682692.383494029,240939.455600894,424024.591034143
9,16954434.7722386,44189255.0487844,21726370.3279549,702374.852717436,258859.770107276,426564.212649674
10,17851735.3140686,45380280.6601277,22395063.0875197,720907.468057636,277411.599506463,432093.591151293
11,18781638.6087828,46491996.1661082,23037476.9150009,738284.879553295,296089.977841074,439512.101222834
12,19721781.8120475,47525293.2933809,23652789.8612337,754564.307333836,314485.634363596,448110.906114753
13,20653667.8157528,48484263.0619552,24243298.8139831,769824.794498415,332327.89885527,457407.807717049
14,21562910.5870828,49374354.6987896,24812330.7321614,784149.267958969,349484.969145433,467063.114371877
Span = ,93.0999985,,,,,
SN slope,Mx,My,Mz,Fx,Fy,Fz
3,18256248.7586558,39548014.4402144,22102162.9708471,608240.767797895,196367.50916965,673618.978645531
4,15268963.1862893,38340169.5336099,19752771.8050022,601145.77466411,189963.231541619,522372.210258205
5,14626431.8646051,39043775.8190653,19411673.5650138,615816.085778832,197013.379983175,463340.342582481
6,14813085.9795813,40235210.967611,19761066.6598917,636103.229509289,209195.9509176,437549.549486535
7,15362488.8503903,41552346.5398352,20361041.0125299,657513.541051754,224145.532645634,427125.025933623
8,16094733.0980181,42867855.5356421,21039117.9872732,678502.992745546,240897.012565642,424924.732125897
9,16929794.5723772,44130383.3484965,21725889.4345055,698513.920549346,258839.053209525,427537.48289183
10,17825394.455145,45319691.922714,22394754.2457665,717374.019432595,277419.961248225,433113.039667602
11,18753459.3391906,46429830.4216209,23037256.158296,735070.819479333,296125.993132122,440547.546757419
12,19691716.1695256,47461670.5828384,23652612.9073871,751656.972997811,314543.276109438,449133.265910032
13,20621746.712119,48419285.2437541,24243142.8650863,767208.487304786,332400.036762231,458392.095119287
14,21529213.986876,49308107.9197007,24812184.3073677,781806.235163125,349565.064475024,467990.040074056
Span = ,106,,,,,
SN slope,Mx,My,Mz,Fx,Fy,Fz
3,15842737.9047002,34260409.3109549,22079266.5789169,621170.976217472,257101.376572197,673717.837173398
4,13018934.6752915,32525861.2936032,19735788.347127,611710.817113514,226792.260683568,522446.580765233
5,12274611.3620004,32830557.833592,19396104.2010621,625377.990182173,225457.465082922,463405.476609393
6,12278389.3885491,33675565.4449139,19745588.1556056,644853.750278892,233762.870936945,437621.030334252
7,12616229.8549248,34677873.6760555,20345269.0981984,665498.194449877,246321.276246951,427214.440294033
8,13122211.0637833,35705734.2261066,21022978.3347648,685742.879228233,261258.187360898,425037.743251431
9,13719535.6332711,36706001.2167417,21709398.0664424,705029.071014766,277714.402729929,427673.948550538
10,14368087.384422,37656546.0763456,22377945.6543811,723188.037146397,295107.725319104,433268.609260583
11,15043720.5102674,38549220.1353148,23020163.7958176,740210.729562039,312926.55263623,440715.838872431
12,15729593.5081148,39382577.8354406,23635265.6948729,756151.970876935,330718.709217488,449307.838907494
13,16412792.2404357,40158423.5503369,24225565.2954553,771088.693826299,348129.878095153,458567.77072326
14,17083277.3065225,40880070.6274857,24794396.6166226,785101.749047051,364924.679735349,468163.49027146
Span = ,106.0999985,,,,,
SN slope,Mx,My,Mz,Fx,Fy,Fz
3,15820996.1267709,34137577.9382157,22077930.1293692,624017.845120432,257595.021877052,673491.786214065
4,12999794.2906629,32392248.2265159,19735186.5019646,614519.247588668,227072.174967155,522177.220179272
5,12255141.6525508,32692643.4667243,19395791.3107287,628180.530423739,225663.947417637,463058.199965486
6,12257560.7705269,33538413.6943173,19745392.4502191,647651.835139462,233945.581019811,437172.520395675
7,12593690.5121606,34545001.3113129,20345118.865363,668282.333354394,246494.971396196,426650.148963615
8,13097864.6591642,35579244.60034,21022844.3960478,688498.184288357,261424.914188174,424353.584964693
9,13693354.2791063,36586826.3025942,21709269.0423342,707738.801828806,277872.994263784,426877.834270849
10,14340047.6429433,37544766.2440629,22377817.2701615,725835.850291131,295257.492874258,432380.170873494
11,15013801.1697349,38444373.7012028,23020034.5144729,742781.951811895,313068.132055892,439763.872432339
12,15697791.8468796,39283909.6223931,23635135.0156001,758634.214237385,330853.622733061,448326.020136107
13,16379135.4328378,40065060.9520446,24225433.104851,773472.056863184,348259.813063225,457589.849791543
14,17047822.7120136,40791136.1489982,24794262.9385484,787378.771727082,365050.97164603,467219.213589411
Span = ,119,,,,,
SN slope,Mx,My,Mz,Fx,Fy,Fz
3,12252168.4180787,29203772.6542062,22045603.3481937,644643.414649907,332180.877687516,675032.034412814
4,9999280.50800567,27055255.6986979,19711915.2138852,627897.380043331,274816.962983867,523330.253845363
5,9352275.33852651,26991923.367366,19376231.1397486,639673.053982997,261164.28498328,464038.487388407
6,9281455.04489231,27520959.4316126,19727524.0428537,658373.044670314,263007.094553961,438051.835045115
7,9468075.1379845,28239892.9302627,20327964.4062552,678613.927969012,271593.869068976,427455.376960762
8,9784256.86822519,29009595.5044897,21005907.8305742,698616.601988731,283530.98113069,425090.1635334
9,10170146.6924356,29774510.2183648,21692303.41706,717737.144271175,297341.339700374,427535.488622416
10,10594113.5734986,30511266.1209612,22360705.3837913,735766.354475593,312298.791792808,432934.760930794
11,11037451.103978,31210496.1050197,23002726.2689535,752674.740526705,327963.726183211,440180.458579172
12,11487969.2866869,31869343.8097019,23617614.5872319,768506.589303151,343994.66282939,448564.357627326
13,11937168.068733,32488054.9174085,24207701.4144683,783333.478704015,360089.3369849,457611.163444797
14,12378934.900231,33068328.0735492,24776327.8969615,797233.743964655,375985.086788197,466992.295999849
Span = ,119.0999985,,,,,
SN slope,Mx,My,Mz,Fx,Fy,Fz
3,12224479.6451694,29172261.6797194,22045339.4155725,645806.602378591,332755.260635244,675094.9777663
4,9977333.73853328,27018769.0112073,19711728.1381122,629238.187942612,275288.060007821,523314.06973775
5,9331526.89280593,26951767.464813,19376075.4321843,641128.617778628,261692.464407928,463958.110977052
6,9259962.16387888,27478185.6682,19727382.5335394,659871.66854409,263740.562546023,437904.73707942
7,9444915.71259068,28195053.3074001,20327828.8764058,680098.670928218,272694.879966538,427239.033969397
8,9759068.99175757,28962982.0622272,21005774.1661338,700045.524625512,285161.490812606,424809.459296444
9,10142865.5341431,29726305.9174601,21692169.5921868,719081.175617584,299628.218355089,427206.115421215
10,10564797.1667926,30461612.0945581,22360570.443178,737007.048889067,315294.51009327,432583.224835153
11,11006184.2065947,31159516.8064891,23002589.8039214,753802.232364552,331625.299528536,439841.261192066
12,11454827.2134512,31817154.4917814,23617476.4661306,769517.75468814,348194.877645231,448275.534743667
13,11902214.1477218,32434762.8104591,24207561.6409768,784230.286923754,364653.086765498,457409.584495488
14,12342229.2644435,33014031.9180366,24776186.5322384,798021.802746592,380730.17402846,466909.84025299
Span = ,132,,,,,
SN slope,Mx,My,Mz,Fx,Fy,Fz
3,7842230.70982875,25004177.9507443,22011086.49138,665061.26096259,389849.172403112,675589.93346216
4,6488910.95645264,22570321.7360917,19687416.0578169,640095.384228316,314462.034571723,523575.014464867
5,6128557.91714388,22231595.8528738,19355832.8843092,649745.322518902,291902.819208733,464053.862648018
6,6108130.36455261,22560918.7929802,19708986.1983907,667549.477224912,288636.57236466,437849.574625178
7,6224398.88201881,23132472.1049377,20310213.1292953,687262.893756097,294202.971530054,427028.620136557
8,6399644.01290833,23789346.912724,20988404.9192451,706905.155738346,304314.412363171,424432.11436497
9,6601651.86805928,24466776.6069847,21674783.1872588,725765.960296494,316936.189021991,426649.629735707
10,6816404.43065914,25136325.5190752,22343041.9653905,743607.0967424,330997.364932137,431840.269927426
11,7037264.99131046,25785142.4370897,22984865.4036802,760383.734198177,345863.064173902,438912.904962499
12,7260473.18068183,26407460.8656651,23599538.6088003,776130.71101749,361101.668995284,447172.114038512
13,7483325.59442351,27000911.6010686,24189410.8850515,790912.869487504,376388.092644698,456149.077506955
14,7703557.85908979,27564857.0134267,24757831.5239273,804803.097114556,391470.313267497,465514.746308999
Span = ,132.1000061,,,,,
SN slope,Mx,My,Mz,Fx,Fy,Fz
3,7810014.95670362,25022163.0287926,22010781.6220815,665228.173235521,390237.824355203,676527.284920347
4,6464695.31347652,22584158.376732,19687199.6036151,640194.588274878,314727.396209025,524480.24189174
5,6107273.68433045,22238947.254965,19355652.6994824,649841.212259528,292106.851137562,465057.294074426
6,6087623.68556953,22560905.9287989,19708822.4957334,667682.121433159,288803.282274398,439015.265625362
7,6203503.15567019,23124997.7261965,20310056.4120185,687463.159923803,294344.856886973,428390.008332789
8,6377678.4760095,23774804.7734677,20988250.4179179,707193.489642426,304438.415176392,425997.932885088
9,6578202.18297377,24445879.6508181,21674628.5385398,726151.877577784,317045.887755886,428405.218621466
10,6791212.6969416,25109983.4173865,22342886.0421317,744090.414888098,331094.406275265,433750.193272573
11,7010179.92595267,25754364.3160156,22984707.7143498,760956.679764173,345948.245789759,440926.271716493
12,7231428.5329877,26373275.3535924,23599378.989484,776780.233668176,361175.650266213,449229.994570613
13,7452325.77552396,26964303.5468359,24189249.338085,791622.8014736,376451.729082362,458192.413998113
14,7670661.3760489,27526722.0107947,24757668.1292096,805555.985264518,391524.700669372,467491.054047289
Span = ,144.5820007,,,,,
SN slope,Mx,My,Mz,Fx,Fy,Fz
3,3832379.22491781,22985245.5640164,21945566.1351466,671087.583619123,419312.621467253,676128.265923234
4,3699221.21122378,20408677.4697043,19630942.1870929,641363.38839057,334949.491840754,524266.095431273
5,3899680.13553711,19959356.3548527,19301163.7540173,649991.540468827,307518.948798445,464928.981172801
6,4162743.78136319,20270242.87821,19654480.973619,667508.570803725,300974.519264457,438952.483005625
7,4418314.48939732,20891598.6160279,20255779.2120009,687118.298498482,304149.86819889,428398.600794099
8,4649954.94046264,21642064.4249885,20934411.6790948,706719.044891267,312416.611924955,426095.9380777
9,4855945.6106245,22440889.1748258,21621713.6959433,725562.746978898,323501.433023882,428617.255036945
10,5038459.11905095,23248674.654684,22291370.2683904,743394.521926867,336169.576510211,434103.873149282
11,5200454.24587097,24043863.937591,22935006.26102,760160.775035069,349698.105471653,441448.91078074
12,5344778.34076097,24813404.9790338,23551822.7469681,775891.729163453,363630.553395965,449945.417397643
13,5473934.75329552,25549139.1922737,24144071.2485889,790650.198746383,377656.20110936,459118.267739704
14,5590056.24170219,26246298.1401435,24714996.175406,804508.758469919,391551.709335415,468637.105713679
