Height:,-30,Load Case,Mx,My,Mxy,Mz,Fx,Fy,Fxy,Fz,Saftey Factor
Mx,Max,dlc61_wSeaState_U50_Yp8_37,724968489.6,-41381080.2,726148540.8,44649686.7,2239227.95625,-4230465.6375,4786541.4375,-33419398.5,1.35
Mx,Min,dlc61_wSeaState_U50_Ym8_278,-750358944,145141405.2,764267356.8,-41326829.1,159745.60546875,4335130.4625,4338072.45,-32917795.2,1.35
My,Max,dlc61_wSeaState_U50_Ym8_376,-241269062.4,435512808,497877667.2,-10864487.475,10015910.55,1347896.19375,10106200.575,-32769011.7,1.35
My,Min,dlc61_wSeaState_U50_Yp8_37,200309198.4,-217022479.2,295334596.8,10676506.05,-6681173.625,-1227536.60625,6793005.6,-33038531.1,1.35
Mxy,Max,dlc61_wSeaState_U50_Ym8_278,-749508249.6,154010592,765167817.6,-40063307.4,222970.3453125,4324196.1375,4329940.725,-32959809.9,1.35
Mxy,Min,dlc61_wSeaState_U50_Ym8_344,-130372.5375,-97562.475,162835.6078125,-11360943.9,-2655728.94375,-184739.42109375,2662146.675,-32527936.8,1.35
Mz,Max,dlc61_wSeaState_U50_Yp8_376,471544761.6,-14331632.4,471762489.6,52923013.2,-496019.4046875,-2556866.75625,2604535.0875,-32785268.4,1.35
Mz,Min,dlc61_wSeaState_U50_Ym8_278,-564752433.6,210448216.8,602688772.8,-53809045.2,689951.6296875,3067653.2625,3144285.3375,-32886939.6,1.35
Fx,Max,dlc61_wSeaState_U50_Ym8_376,-273502764,431273937.6,510686769.6,-12963981.15,10309630.05,1554964.25625,10426235.625,-32743148.4,1.35
Fx,Min,dlc61_wSeaState_U50_Yp8_37,196896225.6,-215875346.4,292181947.2,10275933.375,-6710679.225,-1186132.190625,6814699.425,-32933425.5,1.35
Fy,Max,dlc61_wSeaState_U50_Ym8_278,-750358944,145141405.2,764267356.8,-41326829.1,159745.60546875,4335130.4625,4338072.45,-32917795.2,1.35
Fy,Min,dlc61_wSeaState_U50_Yp8_37,724968489.6,-41381080.2,726148540.8,44649686.7,2239227.95625,-4230465.6375,4786541.4375,-33419398.5,1.35
Fxy,Max,dlc61_wSeaState_U50_Ym8_376,-273502764,431273937.6,510686769.6,-12963981.15,10309630.05,1554964.25625,10426235.625,-32743148.4,1.35
Fxy,Min,dlc61_wSeaState_U50_Yp8_376,9090397.125,110111626.8,110486224.8,6313800.15,3053.10311279297,1792.47485961914,3540.39609375,-32743812.6,1.35
Fz,Max,dlc61_wSeaState_U50_Ym8_37,-344699625.6,239482029.6,419725454.4,-19396015.65,1174624.959375,1931606.49375,2260718.4375,-31552866.9,1.35
Fz,Min,dlc61_wSeaState_U50_Yp8_344,411425654.4,-90511576.2,421264065.6,24600269.7,-2456522.60625,-2265877.29375,3341960.775,-34196526,1.35
Height:,-29.8999996,Load Case,Mx,My,Mxy,Mz,Fx,Fy,Fxy,Fz,Saftey Factor
Mx,Max,dlc61_wSeaState_U50_Yp8_37,724545475.2,-41604966.9,725739004.8,44649057.6,2235655.85625,-4230876.375,4785234.975,-33400115.1,1.35
Mx,Min,dlc61_wSeaState_U50_Ym8_278,-749925475.2,145125043.2,763838640,-41326696.8,164668.897265625,4335548.9625,4338674.8875,-32898506.4,1.35
My,Max,dlc61_wSeaState_U50_Ym8_376,-241134321.6,434511864,496936944,-10863763.875,10002735.225,1348037.015625,10093162.275,-32749725.6,1.35
My,Min,dlc61_wSeaState_U50_Yp8_37,200186402.4,-216355298.4,294761289.6,10676752.425,-6662401.2,-1227644.521875,6774562.575,-33019277.4,1.35
Mxy,Max,dlc61_wSeaState_U50_Ym8_278,-749075817.6,153987912,764739792,-40063167,227875.78125,4324615.65,4330615.05,-32940521.1,1.35
Mxy,Min,dlc61_wSeaState_U50_Ym8_344,-148838.755078125,167598.776953125,224147.98828125,-11360943.9,-2647430.15625,-184733.64140625,2653867.63125,-32508704.7,1.35
Mz,Max,dlc61_wSeaState_U50_Yp8_376,471289060.8,-14282306.1,471505406.4,52922986.2,-492574.8796875,-2557133.38125,2604143.08125,-32766012,1.35
Mz,Min,dlc61_wSeaState_U50_Ym8_278,-564445670.4,210378902.4,602377128,-53808904.8,693878.23125,3067980.975,3145468.95,-32867672.4,1.35
Fx,Max,dlc61_wSeaState_U50_Ym8_376,-273347330.4,430243660.8,509733648,-12963159,10295292.375,1555122.0375,10412082.225,-32723862.3,1.35
Fx,Min,dlc61_wSeaState_U50_Yp8_37,196777598.4,-215205206.4,291607106.4,10276184.475,-6691932.45,-1186238.671875,6796257.75,-32914171.8,1.35
Fy,Max,dlc61_wSeaState_U50_Ym8_278,-749925475.2,145125043.2,763838640,-41326696.8,164668.897265625,4335548.9625,4338674.8875,-32898506.4,1.35
Fy,Min,dlc61_wSeaState_U50_Yp8_37,724545475.2,-41604966.9,725739004.8,44649057.6,2235655.85625,-4230876.375,4785234.975,-33400115.1,1.35
Fxy,Max,dlc61_wSeaState_U50_Ym8_376,-273347330.4,430243660.8,509733648,-12963159,10295292.375,1555122.0375,10412082.225,-32723862.3,1.35
Fxy,Min,dlc61_wSeaState_U50_Yp8_37,8084121.975,107148528,107453066.4,-676024.1859375,-2516.10122680664,2419.42543945313,3490.61385498047,-32700831.3,1.35
Fz,Max,dlc61_wSeaState_U50_Ym8_37,-344506478.4,239364460.8,419499777.6,-19395983.25,1176237.95625,1931791.6125,2261714.90625,-31533618.6,1.35
Fz,Min,dlc61_wSeaState_U50_Yp8_344,411199027.2,-90266513.4,420990134.4,24600277.8,-2445600.43125,-2266119.7875,3334105.8,-34177272.3,1.35
Height:,-25,Load Case,Mx,My,Mxy,Mz,Fx,Fy,Fxy,Fz,Saftey Factor
Mx,Max,dlc61_wSeaState_U50_Yp8_37,703813536,-52136190,705741940.8,44621793,2057389.70625,-4240588.275,4713325.875,-32455312.2,1.35
Mx,Min,dlc61_wSeaState_U50_Ym8_278,-728673667.2,143723775.6,742712544,-41318920.8,406791.7453125,4348233.9,4367220.975,-31953339,1.35
My,Max,dlc61_wSeaState_U50_Yp8_37,160390184.4,389688235.2,421404724.8,4209471.45,7960038.75,-947274.496875,8016205.5,-31572250.2,1.35
My,Min,dlc61_wSeaState_U50_Ym8_373,-419065876.8,-191201472,460623715.2,-16601970.6,-3396622.95,2487561.3,4210107.6375,-31495335.3,1.35
Mxy,Max,dlc61_wSeaState_U50_Ym8_278,-727877577.6,152279654.4,743636246.4,-40055266.8,469112.3015625,4337345.475,4362640.425,-31995348.3,1.35
Mxy,Min,dlc61_wSeaState_U50_Yp8_373,371243.7140625,-503726.9765625,625749.7640625,451382.9625,-1537105.6125,-19620.9791015625,1537230.825,-31786003.8,1.35
Mz,Max,dlc61_wSeaState_U50_Yp8_376,458758036.8,-12293251.2,458922715.2,52920064.8,-320579.58515625,-2563541.15625,2583508.1625,-31822534.8,1.35
Mz,Min,dlc61_wSeaState_U50_Ym8_278,-549412459.2,206508916.8,586941206.4,-53801004.6,886684.640625,3076142.4,3201384.2625,-31923603.9,1.35
Fx,Max,dlc61_wSeaState_U50_Ym8_376,-265733524.8,381550305.6,464967691.2,-12927844.35,9580932.45,1557965.8125,9706777.425,-31778910.9,1.35
Fx,Min,dlc61_wSeaState_U50_Yp8_37,186786799.2,-182764749.6,261327880.8,9828385.425,-5767780.5,-1129101.440625,5877258.075,-31929711.3,1.35
Fy,Max,dlc61_wSeaState_U50_Ym8_278,-728673667.2,143723775.6,742712544,-41318920.8,406791.7453125,4348233.9,4367220.975,-31953339,1.35
Fy,Min,dlc61_wSeaState_U50_Yp8_37,703813536,-52136190,705741940.8,44621793,2057389.70625,-4240588.275,4713325.875,-32455312.2,1.35
Fxy,Max,dlc61_wSeaState_U50_Ym8_376,-265733524.8,381550305.6,464967691.2,-12927844.35,9580932.45,1557965.8125,9706777.425,-31778910.9,1.35
Fxy,Min,dlc61_wSeaState_U50_Yp8_344,1073350.321875,-59588330.4,59597996.4,1765467.39375,-1864.13856811523,-2745.23719482422,3318.33394775391,-31780525.5,1.35
Fz,Max,dlc61_wSeaState_U50_Ym8_37,-335042200.8,233418196.8,408334824,-19394179.65,1253800.940625,1935954.3375,2306498.625,-30590373.6,1.35
Fz,Min,dlc61_wSeaState_U50_Yp8_344,400091097.6,-79618620.6,407936304,24598806.3,-1899136.4625,-2272482,2961569.5875,-33233862.6,1.35
Height:,-24.8999996,Load Case,Mx,My,Mxy,Mz,Fx,Fy,Fxy,Fz,Saftey Factor
Mx,Max,dlc61_wSeaState_U50_Yp8_37,703390262.4,-52341978.6,705335083.2,44621296.2,2054653.425,-4233181.5,4705467.525,-32436363.6,1.35
Mx,Min,dlc61_wSeaState_U50_Ym8_278,-728239680,143682843.6,742278816,-41318734.5,410453.409375,4341004.3125,4360366.0125,-31934379.6,1.35
My,Max,dlc61_wSeaState_U50_Yp8_37,160295684.4,388893312,420633734.4,4209197.7375,7941468.825,-945265.190625,7997528.25,-31553301.6,1.35
My,Min,dlc61_wSeaState_U50_Ym8_373,-418817563.2,-190862589.6,460257163.2,-16602102.9,-3383208.675,2482988.85,4196586.0375,-31476400.2,1.35
Mxy,Max,dlc61_wSeaState_U50_Ym8_278,-727444627.2,152232501.6,743202864,-40055083.2,472674.99375,4330122.3,4355844.525,-31976383.5,1.35
Mxy,Min,dlc61_wSeaState_U50_Yp8_373,369287.859375,-350301.3328125,509003.49375,451391.6109375,-1531136.925,-19553.0585449219,1531261.8,-31767098.4,1.35
Mz,Max,dlc61_wSeaState_U50_Yp8_376,458502206.4,-12261492.45,458666107.2,52919973,-316803.29765625,-2558808.5625,2578345.59375,-31803602.4,1.35
Mz,Min,dlc61_wSeaState_U50_Ym8_278,-549105480,206420119.2,586622606.4,-53800821,888730.14375,3070637.4375,3196663.3125,-31904663.4,1.35
Fx,Max,dlc61_wSeaState_U50_Ym8_376,-265578156,380593296,464093755.2,-12927212.55,9562695.3,1554270.35625,9688183.2,-31759954.2,1.35
Fx,Min,dlc61_wSeaState_U50_Yp8_37,186674090.4,-182189066.4,260844926.4,9828555.525,-5747352.3,-1127029.6125,5856812.325,-31910789.7,1.35
Fy,Max,dlc61_wSeaState_U50_Ym8_278,-728239680,143682843.6,742278816,-41318734.5,410453.409375,4341004.3125,4360366.0125,-31934379.6,1.35
Fy,Min,dlc61_wSeaState_U50_Yp8_37,703390262.4,-52341978.6,705335083.2,44621296.2,2054653.425,-4233181.5,4705467.525,-32436363.6,1.35
Fxy,Max,dlc61_wSeaState_U50_Ym8_376,-265578156,380593296,464093755.2,-12927212.55,9562695.3,1554270.35625,9688183.2,-31759954.2,1.35
Fxy,Min,dlc61_wSeaState_U50_Yp8_344,1073069.859375,-59588379,59598039.6,1765461.15,2073.31539916992,-2816.43717041016,3497.27816162109,-31761617.4,1.35
Fz,Max,dlc61_wSeaState_U50_Ym8_37,-334848988.8,233292960,408104697.6,-19394137.8,1252995.75,1932446.53125,2303117.04375,-30571452,1.35
Fz,Min,dlc61_wSeaState_U50_Yp8_344,399864211.2,-79429415.4,407676844.8,24598736.1,-1886898.88125,-2268669.6,2950805.025,-33214935.6,1.35
Height:,-20,Load Case,Mx,My,Mxy,Mz,Fx,Fy,Fxy,Fz,Saftey Factor
Mx,Max,dlc61_wSeaState_U50_Yp8_37,682628731.2,-61947498.6,685433793.6,44599836.6,1858065.075,-4248275.175,4636835.8875,-31523577.3,1.35
Mx,Min,dlc61_wSeaState_U50_Ym8_278,-706949553.6,141056251.2,720884534.4,-41308620.3,662232.20625,4356571.8375,4406616.675,-31021218,1.35
My,Max,dlc61_wSeaState_U50_Yp8_37,155661534,351780926.4,384682132.8,4197831.4125,7206443.775,-948528.225,7268599.8,-30640823.1,1.35
My,Min,dlc61_wSeaState_U50_Yp8_37,404966779.2,-176620564.8,441806400,23275277.1,-1131632.1,-2371137.3,2627333.8875,-31476910.5,1.35
Mxy,Max,dlc61_wSeaState_U50_Ym8_278,-706207809.6,149302904.4,721817697.6,-40045344.3,723911.765625,4345746.525,4405628.475,-31063213.8,1.35
Mxy,Min,dlc61_wSeaState_U50_Yp8_344,-700799.1328125,-389713.1484375,801870.13125,4412.07092285156,644873.821875,78292.84921875,649609.115625,-31090454.1,1.35
Mz,Max,dlc61_wSeaState_U50_Yp8_376,445951915.2,-11158131.375,446091494.4,52914119.4,-132800.143359375,-2568836.3625,2572266.7125,-30892163.4,1.35
Mz,Min,dlc61_wSeaState_U50_Ym8_278,-534045700.8,201564568.8,570817886.4,-53790982.2,1095493.865625,3083138.4375,3271979.475,-30992595.3,1.35
Fx,Max,dlc61_wSeaState_U50_Ym8_376,-257961672,335535782.4,423235713.6,-12900132.9,8825450.175,1559041.93125,8962097.175,-30847216.5,1.35
Fx,Min,dlc61_wSeaState_U50_Yp8_37,181149976.8,-156329816.4,239278752,9835190.1,-4803367.5,-1129491.84375,4934378.5875,-30999599.1,1.35
Fy,Max,dlc61_wSeaState_U50_Ym8_278,-706949553.6,141056251.2,720884534.4,-41308620.3,662232.20625,4356571.8375,4406616.675,-31021218,1.35
Fy,Min,dlc61_wSeaState_U50_Yp8_37,682628731.2,-61947498.6,685433793.6,44599836.6,1858065.075,-4248275.175,4636835.8875,-31523577.3,1.35
Fxy,Max,dlc61_wSeaState_U50_Ym8_376,-257961672,335535782.4,423235713.6,-12900132.9,8825450.175,1559041.93125,8962097.175,-30847216.5,1.35
Fxy,Min,dlc61_wSeaState_U50_Ym8_37,-6358790.25,48358344.6,48774625.2,-8636899.05,2059.04251098633,2457.0459777832,3205.73419189453,-31265532.9,1.35
Fz,Max,dlc61_wSeaState_U50_Ym8_37,-325372658.4,226949472,396703180.8,-19391869.8,1339979.034375,1939434.3,2357318.19375,-29660234.4,1.35
Fz,Min,dlc61_wSeaState_U50_Yp8_344,388733169.6,-71596990.8,395271532.8,24593824.8,-1302754.21875,-2278585.51875,2624713.5375,-32303604.6,1.35
Height:,-19.8999996,Load Case,Mx,My,Mxy,Mz,Fx,Fy,Fxy,Fz,Saftey Factor
Mx,Max,dlc61_wSeaState_U50_Yp8_37,682204507.2,-62133301.8,685028145.6,44599453.2,1854609.24375,-4242521.475,4630179.375,-31505284.8,1.35
Mx,Min,dlc61_wSeaState_U50_Ym8_278,-706514486.4,140989723.2,720444888,-41308393.5,666491.2453125,4351025.025,4401775.9125,-31002914.7,1.35
My,Max,dlc61_wSeaState_U50_Yp8_37,155566861.2,351061322.4,383985835.2,4197641.0625,7188156,-946887.13125,7250253.975,-30622538.7,1.35
My,Min,dlc61_wSeaState_U50_Yp8_37,404730000,-176507802,441544305.6,23275188,-1125613.63125,-2367861.01875,2621787.91875,-31458645,1.35
Mxy,Max,dlc61_wSeaState_U50_Ym8_278,-705773822.4,149230220.4,721378094.4,-40045131,728101.153125,4340208.4875,4400856.9,-31044907.8,1.35
Mxy,Min,dlc61_wSeaState_U50_Yp8_344,-692949.4734375,-454092.834375,828480.15,4428.09360351563,643059.8015625,78348.19921875,647815.05,-31072210.2,1.35
Mz,Max,dlc61_wSeaState_U50_Yp8_376,445695393.6,-11145167.325,445834713.6,52913973.6,-128670.029296875,-2565194.90625,2568419.8875,-30873900.6,1.35
Mz,Min,dlc61_wSeaState_U50_Ym8_278,-533737900.8,201454819.2,570491208,-53790766.2,1098397.715625,3078966.2625,3269022.975,-30974319,1.35
Fx,Max,dlc61_wSeaState_U50_Ym8_376,-257806108.8,334654264.8,422442259.2,-12899660.4,8807102.325,1555954.48125,8943491.475,-30828926.7,1.35
Fx,Min,dlc61_wSeaState_U50_Yp8_37,181037181.6,-155850566.4,238880426.4,9835290.675,-4782552.1875,-1127858.175,4913742.825,-30981339,1.35
Fy,Max,dlc61_wSeaState_U50_Ym8_278,-706514486.4,140989723.2,720444888,-41308393.5,666491.2453125,4351025.025,4401775.9125,-31002914.7,1.35
Fy,Min,dlc61_wSeaState_U50_Yp8_37,682204507.2,-62133301.8,685028145.6,44599453.2,1854609.24375,-4242521.475,4630179.375,-31505284.8,1.35
Fxy,Max,dlc61_wSeaState_U50_Ym8_376,-257806108.8,334654264.8,422442259.2,-12899660.4,8807102.325,1555954.48125,8943491.475,-30828926.7,1.35
Fxy,Min,dlc61_wSeaState_U50_Ym8_376,2189829.2625,114970330.8,114991185.6,-4646182.275,-938.057189941406,-5154.57784423828,5239.23892822266,-31093305.3,1.35
Fz,Max,dlc61_wSeaState_U50_Ym8_37,-325179014.4,226815552,396467784,-19391819.85,1339944.103125,1936702.575,2355051.375,-29641974.3,1.35
Fz,Min,dlc61_wSeaState_U50_Yp8_344,388505635.2,-71467466.4,395024342.4,24593692.5,-1289554.678125,-2275771.6125,2615738.4,-32285341.8,1.35
Height:,-15,Load Case,Mx,My,Mxy,Mz,Fx,Fy,Fxy,Fz,Saftey Factor
Mx,Max,dlc61_wSeaState_U50_Yp8_37,661383878.4,-70675794,665149363.2,44583226.2,1621111.55625,-4260975.3,4558937.5125,-30625344,1.35
Mx,Min,dlc61_wSeaState_U50_Ym8_278,-685161547.2,137062065.6,698736240,-41296683.6,938966.34375,4370327.325,4470057.9,-30122577,1.35
My,Max,dlc61_wSeaState_U50_Ym8_278,-18532137.15,319472856,320009918.4,-9239051.025,3903234.75,-31152.009375,3903358.95,-29999683.8,1.35
My,Min,dlc61_wSeaState_U50_Yp8_37,393106867.2,-171552891.6,428909558.4,23269933.8,-894155.203125,-2379365.2125,2541828.6,-30580070.4,1.35
Mxy,Max,dlc61_wSeaState_U50_Ym8_278,-684473803.2,145000702.8,699663916.8,-40034277,1000847.98125,4359590.775,4472999.8875,-30164562,1.35
Mxy,Min,dlc61_wSeaState_U50_Yp8_376,-70062.7640625,240243.86953125,250251.69375,8677741.275,1495552.275,39800.626171875,1496081.8125,-30825824.4,1.35
Mz,Max,dlc61_wSeaState_U50_Yp8_376,433103673.6,-11023413.525,433243944,52905598.2,82838.00390625,-2578433.175,2579763.43125,-29995326,1.35
Mz,Min,dlc61_wSeaState_U50_Ym8_278,-518625979.2,195506632.8,554252414.4,-53779474.8,1334277.140625,3094883.1,3370251.7125,-30095074.8,1.35
Fx,Max,dlc61_wSeaState_U50_Ym8_376,-250176708,293403859.2,385582939.2,-12880009.8,8021853.225,1561774.33125,8172470.025,-29949239.7,1.35
Fx,Min,dlc61_wSeaState_U50_Yp8_37,175502721.6,-134815935.6,221306450.4,9838853.325,-3794230.0125,-1132544.278125,3959651.25,-30103118.1,1.35
Fy,Max,dlc61_wSeaState_U50_Ym8_278,-685161547.2,137062065.6,698736240,-41296683.6,938966.34375,4370327.325,4470057.9,-30122577,1.35
Fy,Min,dlc61_wSeaState_U50_Yp8_37,661383878.4,-70675794,665149363.2,44583226.2,1621111.55625,-4260975.3,4558937.5125,-30625344,1.35
Fxy,Max,dlc61_wSeaState_U50_Ym8_376,-250176708,293403859.2,385582939.2,-12880009.8,8021853.225,1561774.33125,8172470.025,-29949239.7,1.35
Fxy,Min,dlc61_wSeaState_U50_Ym8_376,-1830387.0375,115830734.4,115845195.6,-4522906.0125,2895.89567871094,-7166.55476074219,7729.5357421875,-29815281.9,1.35
Fz,Max,dlc61_wSeaState_U50_Ym8_37,-315676008,220004596.8,384777043.2,-19389196.8,1445351.85,1945287.39375,2423465.49375,-28763610.3,1.35
Fz,Min,dlc61_wSeaState_U50_Yp8_344,377331264,-66736661.4,383187499.2,24586340.4,-626731.509375,-2288326.275,2372599.6875,-31406918.4,1.35
Height:,-14.8999996,Load Case,Mx,My,Mxy,Mz,Fx,Fy,Fxy,Fz,Saftey Factor
Mx,Max,dlc61_wSeaState_U50_Yp8_37,660958185.6,-70837831.8,664743369.6,44582945.4,1616496.24375,-4256878.3875,4553468.325,-30607729.2,1.35
Mx,Min,dlc61_wSeaState_U50_Ym8_278,-684724924.8,136967803.2,698289595.2,-41296432.5,944076.178125,4366469.3625,4467363.3,-30104951.4,1.35
My,Max,dlc61_wSeaState_U50_Ym8_278,-18535325.85,319082997.6,319620902.4,-9239013.225,3895185.0375,-31275.2206054688,3895310.5875,-29982096,1.35
My,Min,dlc61_wSeaState_U50_Yp8_37,392869137.6,-171463867.2,428656060.8,23269809.6,-887990.00625,-2377102.10625,2537546.23125,-30562485.3,1.35
Mxy,Max,dlc61_wSeaState_U50_Ym8_278,-684038260.8,144900262.8,699217012.8,-40034047.5,1005929.634375,4355744.2875,4470391.6875,-30146941.8,1.35
Mxy,Min,dlc61_wSeaState_U50_Yp8_376,-66066.6796875,90829.51875,112315.6546875,8677725.75,1492379.4375,39808.6233398438,1492910.325,-30808258.2,1.35
Mz,Max,dlc61_wSeaState_U50_Yp8_376,432846158.4,-11032047.45,432986731.2,52905403.8,87692.5037109375,-2575908.84375,2577401.1,-29977738.2,1.35
Mz,Min,dlc61_wSeaState_U50_Ym8_278,-518316840,195372907.2,553915972.8,-53779231.8,1338421.471875,3092066.325,3369309.4125,-30077473.5,1.35
Fx,Max,dlc61_wSeaState_U50_Ym8_376,-250020799.2,292602715.2,384872385.6,-12879681.75,8002794.6,1559277.84375,8153285.85,-29931630.3,1.35
Fx,Min,dlc61_wSeaState_U50_Yp8_37,175389580.8,-134437622.4,220986381.6,9838897.875,-3772498.05,-1131331.725,3938483.5875,-30085541.1,1.35
Fy,Max,dlc61_wSeaState_U50_Ym8_278,-684724924.8,136967803.2,698289595.2,-41296432.5,944076.178125,4366469.3625,4467363.3,-30104951.4,1.35
Fy,Min,dlc61_wSeaState_U50_Yp8_37,660958185.6,-70837831.8,664743369.6,44582945.4,1616496.24375,-4256878.3875,4553468.325,-30607729.2,1.35
Fxy,Max,dlc61_wSeaState_U50_Ym8_376,-250020799.2,292602715.2,384872385.6,-12879681.75,8002794.6,1559277.84375,8153285.85,-29931630.3,1.35
Fxy,Min,dlc61_wSeaState_U50_Ym8_278,-5846106.15,106692714,106852759.2,-2030100.80625,-5419.54138183594,7507.4080078125,9259.18989257813,-29817285.3,1.35
Fz,Max,dlc61_wSeaState_U50_Ym8_37,-315481694.4,219860071.2,384534993.6,-19389140.1,1446317.775,1943318.925,2422462.275,-28746025.2,1.35
Fz,Min,dlc61_wSeaState_U50_Yp8_344,377102649.6,-66674831.4,382951627.2,24586173,-611671.584375,-2286547.9875,2366948.25,-31389336,1.35
Height:,-10,Load Case,Mx,My,Mxy,Mz,Fx,Fy,Fxy,Fz,Saftey Factor
Mx,Max,dlc61_wSeaState_U50_Yp8_37,640053705.6,-78072411.6,644797670.4,44571273.3,1320868.771875,-4278806.4375,4478044.1625,-29761341.3,1.35
Mx,Min,dlc61_wSeaState_U50_Ym8_278,-663283382.4,131594371.2,676211457.6,-41283950.4,1254765.9375,4389156.45,4564989.9,-29258150.4,1.35
My,Max,dlc61_wSeaState_U50_Ym8_278,-18686373.3,300705804,301285850.4,-9237442.5,3613314.825,-28813.1291015625,3613429.9125,-29137166.1,1.35
My,Min,dlc61_wSeaState_U50_Ym8_278,-525482553.6,-168452254.8,551822500.8,-38888418.6,1149580.18125,3503311.7625,3687102.7875,-29571728.4,1.35
Mxy,Max,dlc61_wSeaState_U50_Ym8_278,-662649163.2,139220046,677116022.4,-40022874.9,1318550.90625,4378547.8125,4572773.6625,-29300127.3,1.35
Mxy,Min,dlc61_wSeaState_U50_Ym8_373,429235.4109375,92037.53671875,438991.9453125,-9037882.8,1715325.1875,-67646.506640625,1716658.48125,-29189799.9,1.35
Mz,Max,dlc61_wSeaState_U50_Yp8_376,420192878.4,-12088764,420366758.4,52894971,353037.6140625,-2591863.48125,2615796.61875,-29132754.3,1.35
Mz,Min,dlc61_wSeaState_U50_Ym8_278,-503129448,188125610.4,537150312,-53767071,1629294.91875,3111305.85,3512096.8875,-29231766,1.35
Fx,Max,dlc61_wSeaState_U50_Ym8_376,-230745196.8,258364360.8,346403649.6,-11927815.65,7155565.65,1457037.45,7302402.45,-29141588.7,1.35
Fx,Min,dlc61_wSeaState_U50_Yp8_37,169835734.8,-118520539.2,207102139.2,9840135.15,-2709735.01875,-1136619.84375,2938463.6625,-29241021.6,1.35
Fy,Max,dlc61_wSeaState_U50_Ym8_278,-663283382.4,131594371.2,676211457.6,-41283950.4,1254765.9375,4389156.45,4564989.9,-29258150.4,1.35
Fy,Min,dlc61_wSeaState_U50_Yp8_37,640053705.6,-78072411.6,644797670.4,44571273.3,1320868.771875,-4278806.4375,4478044.1625,-29761341.3,1.35
Fxy,Max,dlc61_wSeaState_U50_Ym8_376,-242369906.4,255473330.4,352150243.2,-12866609.7,7137462.825,1566391.8375,7307322.525,-29085714.9,1.35
Fxy,Min,dlc61_wSeaState_U50_Ym8_376,3543499.2375,-59771077.2,59876020.8,-5708045.7,-4964.04096679688,7836.2701171875,9276.25078125,-29249137.8,1.35
Fz,Max,dlc61_wSeaState_U50_Ym8_37,-305940283.2,212449089.6,372470227.2,-19386301.05,1586988.1125,1953566.60625,2516933.41875,-27901224.9,1.35
Fz,Min,dlc61_wSeaState_U50_Yp8_344,365866286.4,-65560995,371693966.4,24577541.1,181175.63203125,-2301940.35,2309059.2375,-30544557.3,1.35
Height:,-9.8999996,Load Case,Mx,My,Mxy,Mz,Fx,Fy,Fxy,Fz,Saftey Factor
Mx,Max,dlc61_wSeaState_U50_Yp8_37,639626025.6,-78204322.8,644389128,44571078.9,1314471.7125,-4276407.825,4473868.6125,-29744415,1.35
Mx,Min,dlc61_wSeaState_U50_Ym8_278,-662844729.6,131468443.2,675756691.2,-41283691.2,1261171.0125,4387003.2,4564685.1375,-29241216,1.35
My,Max,dlc61_wSeaState_U50_Ym8_278,-18689329.8,300344803.2,300925735.2,-9237416.175,3606879.375,-28855.1241210938,3606994.8,-29120269.5,1.35
My,Min,dlc61_wSeaState_U50_Ym8_278,-525132288,-168566389.2,551523859.2,-38888256.6,1131189.6375,3502111.95,3680268.75,-29554821,1.35
Mxy,Max,dlc61_wSeaState_U50_Ym8_278,-662211547.2,139087735.2,676660564.8,-40022648.1,1324991.503125,4376409.75,4572588.375,-29283192.9,1.35
Mxy,Min,dlc61_wSeaState_U50_Ym8_373,422457.1453125,-79037.1421875,429787.0546875,-9037890.225,1706297.23125,-67592.886328125,1707635.5875,-29172924.9,1.35
Mz,Max,dlc61_wSeaState_U50_Yp8_376,419933851.2,-12124485,420108854.4,52894738.8,359288.49375,-2590456.44375,2615253.75,-29115857.7,1.35
Mz,Min,dlc61_wSeaState_U50_Ym8_278,-502818580.8,187962249.6,536801947.2,-53766817.2,1635352.36875,3109873.1625,3513642.975,-29214853.2,1.35
Fx,Max,dlc61_wSeaState_U50_Ym8_376,-230599699.2,257649876,345774031.2,-11927632.05,7135427.7,1455202.4625,7282303.65,-29124675.9,1.35
Fx,Min,dlc61_wSeaState_U50_Yp8_37,169722151.2,-118250733.6,206854646.4,9840139.875,-2686450.3875,-1135842.496875,2916702.675,-29224138.5,1.35
Fy,Max,dlc61_wSeaState_U50_Ym8_278,-662844729.6,131468443.2,675756691.2,-41283691.2,1261171.0125,4387003.2,4564685.1375,-29241216,1.35
Fy,Min,dlc61_wSeaState_U50_Yp8_37,639626025.6,-78204322.8,644389128,44571078.9,1314471.7125,-4276407.825,4473868.6125,-29744415,1.35
Fxy,Max,dlc61_wSeaState_U50_Ym8_376,-242213479.2,254760660,351525744,-12866405.85,7116941.475,1564492.21875,7286871.375,-29068802.1,1.35
Fxy,Min,dlc61_wSeaState_U50_Ym8_376,3544285.6125,-59770866.6,59875858.8,-5708052.45,405.790480041504,7839.63259277344,7850.12805175781,-29232262.8,1.35
Fz,Max,dlc61_wSeaState_U50_Ym8_37,-305745084,212290308,372219321.6,-19386241.65,1589400.225,1952375.90625,2517531.46875,-27884331,1.35
Fz,Min,dlc61_wSeaState_U50_Yp8_344,365636203.2,-65580105.6,371470838.4,24577357.5,199234.83515625,-2301278.5125,2309886.95625,-30527666.1,1.35
Height:,-5,Load Case,Mx,My,Mxy,Mz,Fx,Fy,Fxy,Fz,Saftey Factor
Mx,Max,dlc61_wSeaState_U50_Yp8_37,618612163.2,-83738232,624254040,44563092.3,922697.071875,-4301864.4375,4399705.35,-28932066,1.35
Mx,Min,dlc61_wSeaState_U50_Ym8_278,-641289571.2,124389075.6,653241888,-41271403.5,1639734.46875,4413055.8375,4707843.525,-28428437.7,1.35
My,Max,dlc61_wSeaState_U50_Ym8_278,-18826337.25,283229308.8,283854326.4,-9236392.875,3394141.3125,-25377.268359375,3394236.15,-28309510.8,1.35
My,Min,dlc61_wSeaState_U50_Ym8_278,-507917692.8,-171644054.4,536136235.2,-38881557.9,84591.2900390625,3524050.8,3525066,-28743336,1.35
Mxy,Max,dlc61_wSeaState_U50_Ym8_278,-640708056,131684097.6,654100531.2,-40012118.1,1709123.11875,4402629.1125,4722737.0625,-28470403.8,1.35
Mxy,Min,dlc61_wSeaState_U50_Yp8_373,-510982.8890625,-54794.211328125,513912.3890625,1446496.14375,2062879.48125,-2017.81065673828,2062880.6625,-28024577.1,1.35
Mz,Max,dlc61_wSeaState_U50_Yp8_376,407199528,-14735590.2,407466072,52882869.6,726118.93125,-2609363.025,2708509.55625,-28304961.3,1.35
Mz,Min,dlc61_wSeaState_U50_Ym8_278,-487532260.8,179016771.6,519359904,-53754526.8,2038182.075,3132529.875,3737235.375,-28403165.7,1.35
Fx,Max,dlc61_wSeaState_U50_Ym8_376,-217528740,226957377.6,314369856,-11229239.925,6171941.475,1402247.615625,6329230.65,-28269345.6,1.35
Fx,Min,dlc61_wSeaState_U50_Ym8_344,-212390964,-59504808.6,220569134.4,-10683477.45,-1822908.20625,1408861.51875,2303884.85625,-27990092.7,1.35
Fy,Max,dlc61_wSeaState_U50_Ym8_278,-641289571.2,124389075.6,653241888,-41271403.5,1639734.46875,4413055.8375,4707843.525,-28428437.7,1.35
Fy,Min,dlc61_wSeaState_U50_Yp8_37,618612163.2,-83738232,624254040,44563092.3,922697.071875,-4301864.4375,4399705.35,-28932066,1.35
Fxy,Max,dlc61_wSeaState_U50_Ym8_376,-223454570.4,224999683.2,317106921.6,-11921212.8,6168089.925,1463338.9125,6339297.6,-28313064,1.35
Fxy,Min,dlc61_wSeaState_U50_Ym8_37,-264214.51171875,-28793445.3,28794657.6,-7935574.05,-2840.91416015625,-7966.41525878906,8457.81130371094,-28608700.5,1.35
Fz,Max,dlc61_wSeaState_U50_Ym8_37,-296153215.2,204032952,359633390.4,-19383382.35,1795037.9625,1964305.35,2660950.40625,-27073588.5,1.35
Fz,Min,dlc61_wSeaState_U50_Yp8_344,354317889.6,-68865973.2,360948333.6,24568828.2,1069461.140625,-2318618.41875,2553377.85,-29717047.8,1.35
Height:,-4.9000001,Load Case,Mx,My,Mxy,Mz,Fx,Fy,Fxy,Fz,Saftey Factor
Mx,Max,dlc61_wSeaState_U50_Yp8_37,618182020.8,-83830177.8,623840140.8,44562962.7,913697.465625,-4301233.3125,4397209.5375,-28915833.6,1.35
Mx,Min,dlc61_wSeaState_U50_Ym8_278,-640848326.4,124224537.6,652777401.6,-41271160.5,1648185.46875,4412615.4,4710381.1875,-28412197.2,1.35
My,Max,dlc61_wSeaState_U50_Ym8_278,-18828949.5,282890037.6,283515962.4,-9236377.35,3390371.1,-25332.6234375,3390465.9375,-28293310.8,1.35
My,Min,dlc61_wSeaState_U50_Ym8_278,-507565180.8,-171651398.4,535804632,-38881447.2,60861.343359375,3524344.0875,3524869.575,-28727119.8,1.35
Mxy,Max,dlc61_wSeaState_U50_Ym8_278,-640267848,131512604.4,653634792,-40011915.6,1717732.575,4402210.6125,4725469.8,-28454163.3,1.35
Mxy,Min,dlc61_wSeaState_U50_Yp8_373,-511167.6703125,-259874.47265625,573434.521875,1446571.40625,2039018.90625,-2016.22730712891,2039019.91875,-28008396,1.35
Mz,Max,dlc61_wSeaState_U50_Yp8_376,406938686.4,-14808748.05,407208038.4,52882615.8,735016.6125,-2609109.05625,2710663.9875,-28288758.6,1.35
Mz,Min,dlc61_wSeaState_U50_Ym8_278,-487219104,178812327.6,518995468.8,-53754278.4,2047820.4,3132531.225,3742501.725,-28386946.8,1.35
Fx,Max,dlc61_wSeaState_U50_Ym8_376,-217388664,226341345.6,313828365.6,-11229200.1,6149721.825,1401000.553125,6307288.425,-28253132.1,1.35
Fx,Min,dlc61_wSeaState_U50_Ym8_344,-212250175.2,-59323406.4,220384670.4,-10683422.775,-1805296.6125,1407910.359375,2289390.24375,-27973903.5,1.35
Fy,Max,dlc61_wSeaState_U50_Ym8_278,-640848326.4,124224537.6,652777401.6,-41271160.5,1648185.46875,4412615.4,4710381.1875,-28412197.2,1.35
Fy,Min,dlc61_wSeaState_U50_Yp8_37,618182020.8,-83830177.8,623840140.8,44562962.7,913697.465625,-4301233.3125,4397209.5375,-28915833.6,1.35
Fxy,Max,dlc61_wSeaState_U50_Ym8_376,-223308381.6,224384061.6,316567267.2,-11921134.5,6145462.575,1462064.85,6316988.175,-28296850.5,1.35
Fxy,Min,dlc61_wSeaState_U50_Ym8_37,-265019.36484375,-28793777.4,28794997.8,-7935562.575,9596.633203125,-7953.72275390625,12464.2322753906,-28592516.7,1.35
Fz,Max,dlc61_wSeaState_U50_Ym8_37,-295956871.2,203853218.4,359369740.8,-19383324.3,1799654.79375,1963892.5875,2663762.625,-27057385.8,1.35
Fz,Min,dlc61_wSeaState_U50_Yp8_344,354086013.6,-68972990.4,360741146.4,24568663.5,1069336.603125,-2318801.68125,2553492.09375,-29700850.5,1.35
Height:,0,Load Case,Mx,My,Mxy,Mz,Fx,Fy,Fxy,Fz,Saftey Factor
Mx,Max,dlc61_wSeaState_U50_Yp8_37,597037176,-87228214.2,603375609.6,44557749,571983.4828125,-4324064.85,4361731.5375,-28137345.3,1.35
Mx,Min,dlc61_wSeaState_U50_Ym8_278,-619162617.6,115204766.4,629789256,-41259977.1,1925563.89375,4434166.125,4834213.9875,-27633276.9,1.35
My,Max,dlc61_wSeaState_U50_Ym8_278,-18946570.95,266512593.6,267185196,-9235865.025,3326437.8,-21115.0507324219,3326504.9625,-27516515.4,1.35
My,Min,dlc61_wSeaState_U50_Ym8_278,-490260600,-171296910,519324609.6,-38876514.3,-82479.3099609375,3535027.9875,3535990.2,-27949409.1,1.35
Mxy,Max,dlc61_wSeaState_U50_Ym8_278,-618632942.4,122141476.8,630575366.4,-40002916.5,1996001.15625,4423860.5625,4853304.3375,-27675229.5,1.35
Mxy,Min,dlc61_wSeaState_U50_Yp8_376,-276351.75,114275.548828125,299047.12734375,6171356.25,1201178.109375,85699.5134765625,1204231.471875,-28151609.4,1.35
Mz,Max,dlc61_wSeaState_U50_Yp8_376,394107897.6,-19432768.05,394586683.2,52869915,1039727.221875,-2625727.05,2824088.45625,-27511782.3,1.35
Mz,Min,dlc61_wSeaState_U50_Ym8_278,-471825172.8,168017468.4,500848142.4,-53742522.6,2235560.175,3148570.2375,3861505.575,-27609090.3,1.35
Fx,Max,dlc61_wSeaState_U50_Ym8_376,-195834952.8,202812984,281929831.2,-10944960.975,5080894.425,1363684.528125,5260715.1,-27469629.9,1.35
Fx,Min,dlc61_wSeaState_U50_Ym8_344,-197228239.2,-39541211.1,201152894.4,-9785988,-842276.30625,1403562.178125,1636892.2125,-27188063.1,1.35
Fy,Max,dlc61_wSeaState_U50_Ym8_278,-619162617.6,115204766.4,629789256,-41259977.1,1925563.89375,4434166.125,4834213.9875,-27633276.9,1.35
Fy,Min,dlc61_wSeaState_U50_Yp8_37,597037176,-87228214.2,603375609.6,44557749,571983.4828125,-4324064.85,4361731.5375,-28137345.3,1.35
Fxy,Max,dlc61_wSeaState_U50_Ym8_376,-195834952.8,202812984,281929831.2,-10944960.975,5080894.425,1363684.528125,5260715.1,-27469629.9,1.35
Fxy,Min,dlc61_wSeaState_U50_Yp8_278,13109531.4,-23725329.3,27106290.9,5260251.375,9096.00666503906,-10051.678125,13556.3110839844,-27754458.3,1.35
Fz,Max,dlc61_wSeaState_U50_Ym8_37,-286302600,194320425.6,346019666.4,-19380739.05,2082223.29375,1976762.98125,2871105.4125,-26280514.8,1.35
Fz,Min,dlc61_wSeaState_U50_Yp8_344,342702295.2,-74201243.4,350643254.4,24561443.7,1062868.078125,-2327634.73125,2558822.4,-28924190.1,1.35
Height:,0.1,Load Case,Mx,My,Mxy,Mz,Fx,Fy,Fxy,Fz,Saftey Factor
Mx,Max,dlc61_wSeaState_U50_Yp8_37,596604657.6,-87285524.4,602955964.8,44557659.9,571932.140625,-4324246.0875,4361904.675,-28121801.4,1.35
Mx,Min,dlc61_wSeaState_U50_Ym8_278,-618719169.6,115012062,629318030.4,-41259774.6,1925369.15625,4434333.8625,4834290.2625,-27617724.9,1.35
My,Max,dlc61_wSeaState_U50_Ym8_278,-18948760.65,266179888.8,266853506.4,-9235859.625,3326333.175,-21048.0029296875,3326400,-27501009.3,1.35
My,Min,dlc61_wSeaState_U50_Ym8_278,-489907008,-171288712.8,518988168,-38876422.5,-82624.36640625,3535180.875,3536146.4625,-27933881.4,1.35
Mxy,Max,dlc61_wSeaState_U50_Ym8_278,-618190531.2,121941730.8,630102628.8,-40002759.9,1995825.825,4424034.7125,4853390.7375,-27659677.5,1.35
Mxy,Min,dlc61_wSeaState_U50_Yp8_376,-267748.22109375,-5869.68266601563,267812.5359375,6171360.3,1201079.8125,85664.671875,1204130.896875,-28136119.5,1.35
Mz,Max,dlc61_wSeaState_U50_Yp8_376,393845371.2,-19536834.15,394329643.2,52869655.8,1039574.671875,-2625869.8125,2824164.9,-27496270.8,1.35
Mz,Min,dlc61_wSeaState_U50_Ym8_278,-471510374.4,167793768,500476536,-53742301.2,2235371.68125,3148747.7625,3861541.0125,-27593559.9,1.35
Fx,Max,dlc61_wSeaState_U50_Ym8_376,-195698656.8,202306118.4,281470658.4,-10944998.775,5056227.5625,1362981.2625,5236712.1,-27454113,1.35
Fx,Min,dlc61_wSeaState_U50_Ym8_344,-197087925.6,-39458032.2,200998972.8,-9785952.225,-821195.55,1403145.1125,1625785.425,-27172565.1,1.35
Fy,Max,dlc61_wSeaState_U50_Ym8_278,-618719169.6,115012062,629318030.4,-41259774.6,1925369.15625,4434333.8625,4834290.2625,-27617724.9,1.35
Fy,Min,dlc61_wSeaState_U50_Yp8_37,596604657.6,-87285524.4,602955964.8,44557659.9,571932.140625,-4324246.0875,4361904.675,-28121801.4,1.35
Fxy,Max,dlc61_wSeaState_U50_Ym8_376,-195698656.8,202306118.4,281470658.4,-10944998.775,5056227.5625,1362981.2625,5236712.1,-27454113,1.35
Fxy,Min,dlc61_wSeaState_U50_Yp8_278,13108558.05,-23726970.9,27107257.5,5260271.625,24126.8071289063,-10070.7389648438,26144.2661132813,-27738968.4,1.35
Fz,Max,dlc61_wSeaState_U50_Ym8_37,-286104938.4,194112180,345739168.8,-19380690.45,2082264.6375,1976867.1,2871207,-26265003.3,1.35
Fz,Min,dlc61_wSeaState_U50_Yp8_344,342469533.6,-74307601.8,350438292,24561311.4,1062598.66875,-2327785.7625,2558847.7125,-28908686.7,1.35
Height:,5,Load Case,Mx,My,Mxy,Mz,Fx,Fy,Fxy,Fz,Saftey Factor
Mx,Max,dlc61_wSeaState_U50_Yp8_37,575396611.2,-90068646.6,582403305.6,44554001.4,559174.0078125,-4328699.0625,4364666.1,-27377049.6,1.35
Mx,Min,dlc61_wSeaState_U50_Ym8_278,-596978640,105627574.8,606251304,-41250907.8,1898674.59375,4437236.3625,4826389.05,-26872546.5,1.35
My,Max,dlc61_wSeaState_U50_Ym8_278,-19054468.35,249923210.4,250648516.8,-9235831.275,3303388.575,-21231.376171875,3303456.75,-26758007.1,1.35
My,Min,dlc61_wSeaState_U50_Ym8_278,-472567219.2,-170840005.2,502499851.2,-38872197,-104781.652734375,3539162.025,3540712.8375,-27189931.5,1.35
Mxy,Max,dlc61_wSeaState_U50_Ym8_278,-596500545.6,112208198.4,606962592,-39996514.8,1970668.9125,4426836.3,4845659.625,-26914480.2,1.35
Mxy,Min,dlc61_wSeaState_U50_Ym8_37,33533.5491210938,268070.70234375,270159.95390625,-1367289.45,1079351.746875,49004.862890625,1080463.640625,-27087177.6,1.35
Mz,Max,dlc61_wSeaState_U50_Yp8_376,380969049.6,-24592056.3,381761942.4,52857036,1019583.45,-2629610.325,2820354.69375,-26753063.4,1.35
Mz,Min,dlc61_wSeaState_U50_Ym8_278,-456069096,156884655.6,482298494.4,-53732019.6,2211779.25,3154532.85,3852667.4625,-26849466.9,1.35
Fx,Max,dlc61_wSeaState_U50_Ym8_376,-164156792.4,177830974.8,242015104.8,-12338158.95,3771162.5625,1127194.9875,3936017.8125,-26670591.9,1.35
Fx,Min,dlc61_wSeaState_U50_Ym8_373,-339589929.6,-141181693.2,367768382.4,-14924148.75,-305943.18046875,2522101.21875,2540589.6375,-26376734.7,1.35
Fy,Max,dlc61_wSeaState_U50_Ym8_278,-596978640,105627574.8,606251304,-41250907.8,1898674.59375,4437236.3625,4826389.05,-26872546.5,1.35
Fy,Min,dlc61_wSeaState_U50_Yp8_37,575396611.2,-90068646.6,582403305.6,44554001.4,559174.0078125,-4328699.0625,4364666.1,-27377049.6,1.35
Fxy,Max,dlc61_wSeaState_U50_Ym8_278,-596500545.6,112208198.4,606962592,-39996514.8,1970668.9125,4426836.3,4845659.625,-26914480.2,1.35
Fxy,Min,dlc61_wSeaState_U50_Ym8_278,-17638804.35,-107966541.6,109397908.8,-8332735.95,14480.6405273438,55399.517578125,57260.766796875,-26799462.9,1.35
Fz,Max,dlc61_wSeaState_U50_Ym8_37,-276410102.4,183924086.4,332009949.6,-19378654.65,2073457.74375,1980017.325,2867001.075,-25521868.8,1.35
Fz,Min,dlc61_wSeaState_U50_Yp8_344,331051082.4,-79455567.6,340452633.6,24555746.7,1033779.121875,-2332282.10625,2551125.0375,-28165795.2,1.35
Height:,5.0999999,Load Case,Mx,My,Mxy,Mz,Fx,Fy,Fxy,Fz,Saftey Factor
Mx,Max,dlc61_wSeaState_U50_Yp8_37,574963617.6,-90124650,581984222.4,44553944.7,558748.0828125,-4328708.175,4364620.5375,-27362072.7,1.35
Mx,Min,dlc61_wSeaState_U50_Ym8_278,-596534889.6,105437581.2,605781244.8,-41250753.9,1897934.2875,4437216.45,4826079.9,-26857561.5,1.35
My,Max,dlc61_wSeaState_U50_Ym8_278,-19056682.35,249592816.8,250319246.4,-9235836,3302669.3625,-21286.5626953125,3302737.875,-26743065.3,1.35
My,Min,dlc61_wSeaState_U50_Ym8_278,-472213195.2,-170829540,502163366.4,-38872121.4,-105438.870703125,3539181.2625,3540751.65,-27174973.5,1.35
Mxy,Max,dlc61_wSeaState_U50_Ym8_278,-596057832,112011001.2,606491064,-39996417.6,1969960.8375,4426804.2375,4845342.0375,-26899495.2,1.35
Mxy,Min,dlc61_wSeaState_U50_Ym8_37,38452.4165039063,160148.6859375,164700.305859375,-1367278.059375,1078813.85625,49044.7669921875,1079928.1125,-27072254.7,1.35
Mz,Max,dlc61_wSeaState_U50_Yp8_376,380706091.2,-24694083.9,381506112,52856776.8,1019037.796875,-2629657.74375,2820201.6375,-26738118.9,1.35
Mz,Min,dlc61_wSeaState_U50_Ym8_278,-455753692.8,156663352.8,481928227.2,-53731825.2,2211158.41875,3154625.6625,3852386.6625,-26834503.5,1.35
Fx,Max,dlc61_wSeaState_U50_Ym8_376,-164044105.2,177455242.8,241662636,-12338246.7,3743037,1126972.153125,3909014.1,-26655647.4,1.35
Fx,Min,dlc61_wSeaState_U50_Ym8_373,-339337684.8,-141151021.2,367523697.6,-14924124.45,-306306.75234375,2522027.1375,2540559.9375,-26361790.2,1.35
Fy,Max,dlc61_wSeaState_U50_Ym8_278,-596534889.6,105437581.2,605781244.8,-41250753.9,1897934.2875,4437216.45,4826079.9,-26857561.5,1.35
Fy,Min,dlc61_wSeaState_U50_Yp8_37,574963617.6,-90124650,581984222.4,44553944.7,558748.0828125,-4328708.175,4364620.5375,-27362072.7,1.35
Fxy,Max,dlc61_wSeaState_U50_Ym8_278,-596057832,112011001.2,606491064,-39996417.6,1969960.8375,4426804.2375,4845342.0375,-26899495.2,1.35
Fxy,Min,dlc61_wSeaState_U50_Ym8_278,-17633268,-107967934.8,109398384,-8332678.575,14199.1075195313,55430.5833984375,57220.3142578125,-26784540,1.35
Fz,Max,dlc61_wSeaState_U50_Ym8_37,-276212095.2,183716748,331730251.2,-19378619.55,2073125.1375,1980056.1375,2866787.4375,-25506924.3,1.35
Fz,Min,dlc61_wSeaState_U50_Yp8_344,330817845.6,-79558999.2,340250047.2,24555652.2,1033000.59375,-2332338.46875,2550861.28125,-28150856.1,1.35
Height:,10,Load Case,Mx,My,Mxy,Mz,Fx,Fy,Fxy,Fz,Saftey Factor
Mx,Max,dlc61_wSeaState_U50_Yp8_37,553749868.8,-92809292.4,561473467.2,44551914.3,533544.46875,-4326863.7375,4359634.9875,-26639163.9,1.35
Mx,Min,dlc61_wSeaState_U50_Ym8_278,-574795569.6,96222027.6,582793790.4,-41244257.7,1859701.275,4434226.5375,4808414.8125,-26134236.9,1.35
My,Max,dlc61_wSeaState_U50_Ym8_278,-19173793.5,233501616,234287510.4,-9236328.75,3261469.725,-25035.24375,3261565.9125,-26021911.5,1.35
My,Min,dlc61_wSeaState_U50_Ym8_278,-454866235.2,-170229902.4,485676345.6,-38868649.2,-141283.575,3538264.95,3541084.425,-26452853.1,1.35
Mxy,Max,dlc61_wSeaState_U50_Ym8_278,-574371518.4,102439026,583434964.8,-39992999.4,1933017.58125,4423028.9625,4826980.6875,-26176154.4,1.35
Mxy,Min,dlc61_wSeaState_U50_Ym8_373,124586.300390625,352947.56484375,374290.959375,-11258061.75,1174113.5625,64158.5021484375,1175865.271875,-26237001.6,1.35
Mz,Max,dlc61_wSeaState_U50_Yp8_376,367815643.2,-29625291,369006796.8,52844162.4,991534.078125,-2632020.24375,2812591.35,-26016735.6,1.35
Mz,Min,dlc61_wSeaState_U50_Ym8_278,-440287963.2,145896476.4,463831099.2,-53722931.4,2179845.50625,3158795.475,3837931.2,-26112248.1,1.35
Fx,Max,dlc61_wSeaState_U50_Ym8_278,-19173793.5,233501616,234287510.4,-9236328.75,3261469.725,-25035.24375,3261565.9125,-26021911.5,1.35
Fx,Min,dlc61_wSeaState_U50_Ym8_373,-326989677.6,-139600076.4,355542436.8,-14923368.45,-325829.81953125,2516521.5,2537527.33125,-25640493.3,1.35
Fy,Max,dlc61_wSeaState_U50_Ym8_278,-574795569.6,96222027.6,582793790.4,-41244257.7,1859701.275,4434226.5375,4808414.8125,-26134236.9,1.35
Fy,Min,dlc61_wSeaState_U50_Yp8_37,553749868.8,-92809292.4,561473467.2,44551914.3,533544.46875,-4326863.7375,4359634.9875,-26639163.9,1.35
Fxy,Max,dlc61_wSeaState_U50_Ym8_278,-570495052.8,113457877.2,581667696,-40075457.4,2060154.16875,4366012.725,4827660.075,-26331982.2,1.35
Fxy,Min,dlc61_wSeaState_U50_Ym8_278,-17357980.05,-107997624,109383663.6,-8329630.95,-2078.11422729492,57088.63125,57126.441796875,-26064209.7,1.35
Fz,Max,dlc61_wSeaState_U50_Ym8_37,-266507042.4,173603120.4,318062959.2,-19377276.3,2053702.0125,1981064.08125,2853472.725,-24785616.6,1.35
Fz,Min,dlc61_wSeaState_U50_Yp8_344,319383928.8,-84525282,330379495.2,24551818.2,990956.53125,-2334309.13125,2535940.40625,-27429786,1.35
Height:,10.1000004,Load Case,Mx,My,Mxy,Mz,Fx,Fy,Fxy,Fz,Saftey Factor
Mx,Max,dlc61_wSeaState_U50_Yp8_37,553317048,-92862720,561055464,44551890,532942.621875,-4326779.7,4359478.3875,-26624616.3,1.35
Mx,Min,dlc61_wSeaState_U50_Ym8_278,-574352121.6,96035943.6,582325718.4,-41244149.7,1858881.825,4434124.275,4808003.7375,-26119681.2,1.35
My,Max,dlc61_wSeaState_U50_Ym8_278,-19176394.95,233175412.8,233962624.8,-9236344.275,3260508.1875,-25132.3303710938,3260605.05,-26007399,1.35
My,Min,dlc61_wSeaState_U50_Ym8_278,-454512297.6,-170215776,485339904,-38868587.1,-142088.501953125,3538207.575,3541059.45,-26438321.7,1.35
Mxy,Max,dlc61_wSeaState_U50_Ym8_278,-573929150.4,102245598,582965553.6,-39992956.2,1932218.38125,4422906.45,4826548.35,-26161598.7,1.35
Mxy,Min,dlc61_wSeaState_U50_Ym8_373,131000.18203125,235535.57578125,269514.48515625,-11258046.9,1173677.259375,64097.8892578125,1175426.26875,-26222505.3,1.35
Mz,Max,dlc61_wSeaState_U50_Yp8_376,367552468.8,-29724513.3,368752435.2,52843908.6,990957.7125,-2632070.025,2812434.75,-26002220.4,1.35
Mz,Min,dlc61_wSeaState_U50_Ym8_278,-439972171.2,145678359.6,463462732.8,-53722764,2179188.39375,3158872.425,3837621.375,-26097711.3,1.35
Fx,Max,dlc61_wSeaState_U50_Ym8_278,-19176394.95,233175412.8,233962624.8,-9236344.275,3260508.1875,-25132.3303710938,3260605.05,-26007399,1.35
Fx,Min,dlc61_wSeaState_U50_Ym8_373,-326737994.4,-139567395.6,355298162.4,-14923361.7,-326261.840625,2516370.46875,2537433.16875,-25625978.1,1.35
Fy,Max,dlc61_wSeaState_U50_Ym8_278,-574352121.6,96035943.6,582325718.4,-41244149.7,1858881.825,4434124.275,4808003.7375,-26119681.2,1.35
Fy,Min,dlc61_wSeaState_U50_Yp8_37,553317048,-92862720,561055464,44551890,532942.621875,-4326779.7,4359478.3875,-26624616.3,1.35
Fxy,Max,dlc61_wSeaState_U50_Ym8_278,-570058387.2,113251737.6,581199192,-40075349.4,2059417.9125,4365913.5,4827256.425,-26317426.5,1.35
Fxy,Min,dlc61_wSeaState_U50_Ym8_278,-17352276.3,-107997354,109382497.2,-8329564.8,-2460.15681152344,57125.344921875,57178.2955078125,-26049713.4,1.35
Fz,Max,dlc61_wSeaState_U50_Ym8_37,-266308948.8,173397769.2,317784902.4,-19377256.05,2053242.16875,1981066.275,2853143.325,-24771101.4,1.35
Fz,Min,dlc61_wSeaState_U50_Yp8_344,319150497.6,-84624426,330179241.6,24551758.8,990019.125,-2334333.2625,2535596.49375,-27415276.2,1.35
Height:,15,Load Case,Mx,My,Mxy,Mz,Fx,Fy,Fxy,Fz,Saftey Factor
Mx,Max,dlc61_wSeaState_U50_Yp8_37,532120147.2,-95402923.2,540604843.2,44551406.7,501205.7671875,-4322329.7625,4351291.9875,-25921852.2,1.35
Mx,Min,dlc61_wSeaState_U50_Ym8_278,-552635222.4,87017679,559444190.4,-41239902.6,1818976.66875,4428292.95,4787322.4125,-25416512.1,1.35
My,Max,dlc61_wSeaState_U50_Ym8_278,-19989279.9,217399615.2,218316664.8,-8334663.75,3150172.35,43958.3282226563,3150479.1375,-25278909.3,1.35
My,Min,dlc61_wSeaState_U50_Ym8_278,-437177217.6,-169423293.6,468858369.6,-38865779.1,-182239.7484375,3534559.5375,3539254.5,-25736327.1,1.35
Mxy,Max,dlc61_wSeaState_U50_Ym8_278,-552269577.6,92865884.4,560023027.2,-39992240.7,1893012.8625,4416298.2,4804912.9125,-25458413.4,1.35
Mxy,Min,dlc61_wSeaState_U50_Ym8_373,-220275.09140625,317967.16640625,386812.9265625,-9337565.25,1159745.596875,73269.92109375,1162057.809375,-25071930,1.35
Mz,Max,dlc61_wSeaState_U50_Yp8_376,354649276.8,-34516330.2,356324983.2,52831256.4,963161.296875,-2634852.0375,2805374.25,-25300949.4,1.35
Mz,Min,dlc61_wSeaState_U50_Ym8_278,-424488470.4,135073483.2,445460774.4,-53715182.4,2145424.725,3161504.925,3820727.8125,-25395587.1,1.35
Fx,Max,dlc61_wSeaState_U50_Ym8_278,-19315049.4,217316001.6,218172679.2,-9237348,3209569.65,-29372.741015625,3209703.975,-25306387.2,1.35
Fx,Min,dlc61_wSeaState_U50_Ym8_373,-314425087.2,-137912835.6,343341072,-14923471.05,-347426.9296875,2508102.05625,2532050.71875,-24924796.2,1.35
Fy,Max,dlc61_wSeaState_U50_Ym8_278,-552635222.4,87017679,559444190.4,-41239902.6,1818976.66875,4428292.95,4787322.4125,-25416512.1,1.35
Fy,Min,dlc61_wSeaState_U50_Yp8_37,532120147.2,-95402923.2,540604843.2,44551406.7,501205.7671875,-4322329.7625,4351291.9875,-25921852.2,1.35
Fxy,Max,dlc61_wSeaState_U50_Ym8_278,-548676547.2,103245829.2,558306043.2,-40071223.8,2020582.96875,4360019.7375,4805468.4375,-25614249.3,1.35
Fxy,Min,dlc61_wSeaState_U50_Ym8_373,-7501368.15,-121991432.4,122221850.4,-11761966.8,50010.6287109375,5786.43486328125,50344.273828125,-25615391.4,1.35
Fz,Max,dlc61_wSeaState_U50_Ym8_37,-256604976,163396148.4,304211138.4,-19376572.95,2028062.475,1979224.36875,2833790.0625,-24069916.8,1.35
Fz,Min,dlc61_wSeaState_U50_Yp8_344,307710597.6,-89360571.6,320423342.4,24549571.8,939810.515625,-2334683.75625,2516742.225,-26714313,1.35
Height:,15.1000004,Load Case,Mx,My,Mxy,Mz,Fx,Fy,Fxy,Fz,Saftey Factor
Mx,Max,dlc61_wSeaState_U50_Yp8_37,531687801.6,-95453100,540188136,44551412.1,500512.4578125,-4322236.95,4351119.8625,-25907779.8,1.35
Mx,Min,dlc61_wSeaState_U50_Ym8_278,-552192336,86835666.6,558978364.8,-41239837.8,1818168.8625,4428160.65,4786892.775,-25402431.6,1.35
My,Max,dlc61_wSeaState_U50_Ym8_278,-19984959.9,217084557.6,218002536,-8334679.275,3149145,43838.6818359375,3149450.1,-25264874.7,1.35
My,Min,dlc61_wSeaState_U50_Ym8_278,-436823625.6,-169405063.2,468522100.8,-38865727.8,-183074.06953125,3534471.7875,3539209.95,-25722270.9,1.35
Mxy,Max,dlc61_wSeaState_U50_Ym8_278,-551827900.8,92676463.2,559556035.2,-39992251.5,1892212.81875,4416153.075,4804464.375,-25444335.6,1.35
Mxy,Min,dlc61_wSeaState_U50_Ym8_373,-212926.8515625,202020.7078125,293513.56171875,-9337542.3,1158969.2625,73196.715234375,1161278.4375,-25057911.6,1.35
Mz,Max,dlc61_wSeaState_U50_Yp8_376,354385800,-34612712.1,356072090.4,52831002.6,962603.240625,-2634917.34375,2805243.975,-25286909.4,1.35
Mz,Min,dlc61_wSeaState_U50_Ym8_278,-424172376,134858811.6,445094481.6,-53715036.6,2144704.66875,3161536.65,3820349.8125,-25381530.9,1.35
Fx,Max,dlc61_wSeaState_U50_Ym8_278,-19318085.55,216995004,217853193.6,-9237373.65,3208454.55,-29448.62578125,3208589.55,-25292352.6,1.35
Fx,Min,dlc61_wSeaState_U50_Ym8_373,-314174246.4,-137877984,343097359.2,-14923481.85,-347859.0140625,2507917.10625,2531926.85625,-24910758.9,1.35
Fy,Max,dlc61_wSeaState_U50_Ym8_278,-552192336,86835666.6,558978364.8,-41239837.8,1818168.8625,4428160.65,4786892.775,-25402431.6,1.35
Fy,Min,dlc61_wSeaState_U50_Yp8_37,531687801.6,-95453100,540188136,44551412.1,500512.4578125,-4322236.95,4351119.8625,-25907779.8,1.35
Fxy,Max,dlc61_wSeaState_U50_Ym8_278,-548240486.4,103043653.2,557840131.2,-40071161.7,2019734.6625,4359883.3875,4804988.175,-25600168.8,1.35
Fxy,Min,dlc61_wSeaState_U50_Ym8_373,-7500816,-121996346.4,122226721.2,-11761947.9,49375.63828125,5702.56083984375,49703.8517578125,-25601370.3,1.35
Fz,Max,dlc61_wSeaState_U50_Ym8_37,-256407055.2,163193367.6,303935284.8,-19376566.2,2027494.96875,1979147.08125,2833330.05,-24055876.8,1.35
Fz,Min,dlc61_wSeaState_U50_Yp8_344,307477123.2,-89454591,320225400,24549542.1,938698.2,-2334675.99375,2516320.0125,-26700278.4,1.35
Height:,28,Load Case,Mx,My,Mxy,Mz,Fx,Fy,Fxy,Fz,Saftey Factor
Mx,Max,dlc61_wSeaState_U50_Yp8_37,476025811.2,-101319973.2,486689126.4,44556455.7,405890.409375,-4300435.4625,4319547.75,-24127812.9,1.35
Mx,Min,dlc61_wSeaState_U50_Ym8_278,-495197150.4,64069531.2,499324651.2,-41238144.9,1705428.16875,4403003.0625,4721749.875,-23621487.3,1.35
My,Max,dlc61_wSeaState_U50_Ym8_278,-19728916.2,177491379.6,178584490.8,-7588374.975,2928735.225,126396.123046875,2931461.55,-23519408.4,1.35
My,Min,dlc61_wSeaState_U50_Ym8_278,-390231172.8,-166492206,424264089.6,-38010975.3,-223328.66484375,3504126.4875,3511235.925,-23935562.1,1.35
Mxy,Max,dlc61_wSeaState_U50_Ym8_278,-494988364.8,68947081.2,499767105.6,-40002109.2,1780677.84375,4391667.7875,4738940.775,-23663350.8,1.35
Mxy,Min,dlc61_wSeaState_U50_Yp8_278,7730.85871582031,154646.31796875,154839.43125,7398492.75,935656.565625,47086.2544921875,936840.6,-23256171.9,1.35
Mz,Max,dlc61_wSeaState_U50_Yp8_376,320361825.6,-46528214.4,323723001.6,52796707.2,879295.33125,-2638025.2125,2780708.0625,-23510649.6,1.35
Mz,Min,dlc61_wSeaState_U50_Ym8_278,-383363496,107799886.8,398231596.8,-53700305.4,2044388.7,3165566.4,3768333.3,-23603154.3,1.35
Fx,Max,dlc61_wSeaState_U50_Ym8_278,-19745162.1,176547340.8,177648066,-9242399.025,3057676.7625,-32282.9059570313,3057847.2,-23516916.3,1.35
Fx,Min,dlc61_wSeaState_U50_Ym8_373,-281981736,-133034000.4,311787986.4,-14927576.4,-399471.1171875,2480558.68125,2512518.4125,-23134766.4,1.35
Fy,Max,dlc61_wSeaState_U50_Ym8_278,-495197150.4,64069531.2,499324651.2,-41238144.9,1705428.16875,4403003.0625,4721749.875,-23621487.3,1.35
Fy,Min,dlc61_wSeaState_U50_Yp8_37,476025811.2,-101319973.2,486689126.4,44556455.7,405890.409375,-4300435.4625,4319547.75,-24127812.9,1.35
Fxy,Max,dlc61_wSeaState_U50_Ym8_278,-494988364.8,68947081.2,499767105.6,-40002109.2,1780677.84375,4391667.7875,4738940.775,-23663350.8,1.35
Fxy,Min,dlc61_wSeaState_U50_Ym8_373,3273046.3125,-114224947.2,114271830,-10414243.575,-9346.74016113281,988.60432434082,9398.87731933594,-23768988.3,1.35
Fz,Max,dlc61_wSeaState_U50_Ym8_37,-230952124.8,137571739.2,268821266.4,-19377519.3,1939930.25625,1966036.05,2761996.89375,-22279885.65,1.35
Fz,Min,dlc61_wSeaState_U50_Yp8_344,277404069.6,-100542805.2,295062501.6,24550565.4,770228.746875,-2324203.70625,2448504.61875,-24924785.4,1.35
Height:,28.1000004,Load Case,Mx,My,Mxy,Mz,Fx,Fy,Fxy,Fz,Saftey Factor
Mx,Max,dlc61_wSeaState_U50_Yp8_37,475595625.6,-101360592,486276868.8,44556528.6,405113.90625,-4300201.2375,4319241.6375,-24114542.4,1.35
Mx,Min,dlc61_wSeaState_U50_Ym8_278,-494756769.6,63898885.8,498866040,-41238180,1704488.56875,4402758.375,4721182.5375,-23608208.7,1.35
My,Max,dlc61_wSeaState_U50_Ym8_278,-19716324.75,177198505.2,178292016,-7588453.275,2927773.6875,126263.443359375,2930495.2875,-23506173,1.35
My,Min,dlc61_wSeaState_U50_Ym8_278,-389880648,-166469860.8,423932918.4,-38010953.7,-224191.2515625,3503911.5,3511076.2875,-23922307.8,1.35
Mxy,Max,dlc61_wSeaState_U50_Ym8_278,-494549107.2,68768908.2,499307500.8,-40002246.9,1779749.55,4391445.7125,4738386.2625,-23650074.9,1.35
Mxy,Min,dlc61_wSeaState_U50_Yp8_278,12482.1342773438,61123.7126953125,62385.1927734375,7398414.45,934888.753125,47210.5705078125,936080.04375,-23242950,1.35
Mz,Max,dlc61_wSeaState_U50_Yp8_376,320098024.8,-46616196.6,323474601.6,52796437.2,878558.653125,-2638013.0625,2780463.7125,-23497408.8,1.35
Mz,Min,dlc61_wSeaState_U50_Ym8_278,-383046969.6,107595324,397871481.6,-53700219,2043558.61875,3165605.2125,3767915.475,-23589894.6,1.35
Fx,Max,dlc61_wSeaState_U50_Ym8_278,-19748492.55,176241528,177344521.2,-9242449.65,3056462.775,-32254.1630859375,3056632.875,-23503683.6,1.35
Fx,Min,dlc61_wSeaState_U50_Ym8_373,-281733638.4,-132993943.2,311546520,-14927626.35,-399845.7421875,2480325.975,2512348.3125,-23121525.6,1.35
Fy,Max,dlc61_wSeaState_U50_Ym8_278,-494756769.6,63898885.8,498866040,-41238180,1704488.56875,4402758.375,4721182.5375,-23608208.7,1.35
Fy,Min,dlc61_wSeaState_U50_Yp8_37,475595625.6,-101360592,486276868.8,44556528.6,405113.90625,-4300201.2375,4319241.6375,-24114542.4,1.35
Fxy,Max,dlc61_wSeaState_U50_Ym8_278,-494549107.2,68768908.2,499307500.8,-40002246.9,1779749.55,4391445.7125,4738386.2625,-23650074.9,1.35
Fxy,Min,dlc61_wSeaState_U50_Ym8_373,3273144.525,-114223942.8,114270825.6,-10414189.575,-10044.6591796875,890.989617919922,10084.0979003906,-23755766.4,1.35
Fz,Max,dlc61_wSeaState_U50_Ym8_37,-230755521.6,137377782,268553102.4,-19377540.9,1939142.025,1965916.2375,2761358.175,-22266646.2,1.35
Fz,Min,dlc61_wSeaState_U50_Yp8_344,277171653.6,-100619852.4,294870261.6,24550611.3,768731.259375,-2324054.7,2447892.5625,-24911550,1.35
Height:,41,Load Case,Mx,My,Mxy,Mz,Fx,Fy,Fxy,Fz,Saftey Factor
Mx,Max,dlc61_wSeaState_U50_Yp8_37,420517785.6,-102699165.6,432876787.2,45140449.5,286693.61484375,-4235612.85,4245304.5,-22453540.2,1.35
Mx,Min,dlc61_wSeaState_U50_Ym8_278,-438182524.8,42762659.4,440264203.2,-41247565.2,1562414.7375,4361647.8375,4633045.7625,-21969783.9,1.35
My,Max,dlc61_wSeaState_U50_Ym8_278,-17338348.35,140562658.8,141627960,-7275918.825,2743328.41875,207924.046875,2751196.55625,-21779189.55,1.35
My,Min,dlc61_wSeaState_U50_Ym8_278,-344167358.4,-163428375.6,380998684.8,-36615701.7,-275849.48671875,3411852.3,3422985.4125,-22299100.2,1.35
Mxy,Max,dlc61_wSeaState_U50_Ym8_278,-438103598.4,46656664.2,440580988.8,-40025809.8,1637913.65625,4353137.775,4651082.775,-22011612.3,1.35
Mxy,Min,dlc61_wSeaState_U50_Yp8_37,-264207.234375,84884.255859375,277508.19375,-837336.909375,1337492.41875,178226.6625,1349314.875,-22572729,1.35
Mz,Max,dlc61_wSeaState_U50_Yp8_376,286096514.4,-57311884.8,291780511.2,52761283.2,775598.79375,-2631224.25,2743154.1,-21863294.55,1.35
Mz,Min,dlc61_wSeaState_U50_Ym8_278,-342189684,81937407.6,351862920,-53691827.4,1927596.31875,3167303.5125,3707753.7375,-21953812.05,1.35
Fx,Max,dlc61_wSeaState_U50_Ym8_278,-20102287.05,137834967.6,139293151.2,-9250332.3,2892449.25,-15921.7853027344,2892493.125,-21870638.55,1.35
Fx,Min,dlc61_wSeaState_U50_Yp8_373,216520538.4,-126365551.2,250697808,8893687.95,-460422.984375,-2085755.0625,2135968.9875,-21644486.55,1.35
Fy,Max,dlc61_wSeaState_U50_Ym8_278,-438182524.8,42762659.4,440264203.2,-41247565.2,1562414.7375,4361647.8375,4633045.7625,-21969783.9,1.35
Fy,Min,dlc61_wSeaState_U50_Yp8_37,420353064,-105902607.6,433488240,44568956.7,294618.28359375,-4254592.5,4264780.95,-22477001.85,1.35
Fxy,Max,dlc61_wSeaState_U50_Ym8_278,-438103598.4,46656664.2,440580988.8,-40025809.8,1637913.65625,4353137.775,4651082.775,-22011612.3,1.35
Fxy,Min,dlc61_wSeaState_U50_Ym8_373,3648243.375,-109560481.2,109621209.6,-10048052.7,10418.2987060547,151.958839416504,10419.4067871094,-22225792.5,1.35
Fz,Max,dlc61_wSeaState_U50_Ym8_37,-205488144,112996404,234507074.4,-19381704.3,1842466.8375,1951267.3875,2683678.1625,-20632882.95,1.35
Fz,Min,dlc61_wSeaState_U50_Yp8_344,247290451.2,-109359331.2,270392364,24559599.6,588590.3390625,-2309452.7625,2383277.34375,-23278155.3,1.35
Height:,41.0999985,Load Case,Mx,My,Mxy,Mz,Fx,Fy,Fxy,Fz,Saftey Factor
Mx,Max,dlc61_wSeaState_U50_Yp8_37,420094080,-102727839.6,432472046.4,45140554.8,285890.68125,-4235200.7625,4244839.0875,-22441356.45,1.35
Mx,Min,dlc61_wSeaState_U50_Ym8_278,-437746291.2,42606340.2,439814836.8,-41247675.9,1561152.825,4361253.975,4632249.2625,-21957593.4,1.35
My,Max,dlc61_wSeaState_U50_Ym8_278,-17317563.75,140288338.8,141353164.8,-7276018.725,2742311.19375,207854.1,2750176.96875,-21767039.55,1.35
My,Min,dlc61_wSeaState_U50_Ym8_278,-343826056.8,-163400792.4,380678572.8,-36615874.5,-276885.56953125,3411499.6125,3422717.4375,-22286929.95,1.35
Mxy,Max,dlc61_wSeaState_U50_Ym8_278,-437668185.6,46492790.4,440130672,-40026039.3,1636643.64375,4352764.5,4650286.275,-21999421.8,1.35
Mxy,Min,dlc61_wSeaState_U50_Yp8_37,-246324.20625,-48873.7810546875,251125.9875,-837252.703125,1336505.4,177983.26171875,1348304.4,-22560589.8,1.35
Mz,Max,dlc61_wSeaState_U50_Yp8_376,285833383.2,-57389482.8,291537770.4,52761007.8,774740.53125,-2631132.61875,2742823.6875,-21851135.1,1.35
Mz,Min,dlc61_wSeaState_U50_Ym8_278,-341872984.8,81744530.4,351510040.8,-53691784.2,1926629.04375,3167289,3707238.7125,-21941637.75,1.35
Fx,Max,dlc61_wSeaState_U50_Ym8_278,-20103970.5,137545678.8,139007134.8,-9250403.85,2891119.1625,-15697.5033691406,2891161.6875,-21858488.55,1.35
Fx,Min,dlc61_wSeaState_U50_Yp8_373,216311925.6,-126319370.4,250494379.2,8893777.725,-460936.9546875,-2085710.5125,2136036.31875,-21632335.2,1.35
Fy,Max,dlc61_wSeaState_U50_Ym8_278,-437746291.2,42606340.2,439814836.8,-41247675.9,1561152.825,4361253.975,4632249.2625,-21957593.4,1.35
Fy,Min,dlc61_wSeaState_U50_Yp8_37,419927457.6,-105932091.6,433082764.8,44569078.2,293681.46796875,-4254122.7,4264247.7,-22464818.1,1.35
Fxy,Max,dlc61_wSeaState_U50_Ym8_278,-437668185.6,46492790.4,440130672,-40026039.3,1636643.64375,4352764.5,4650286.275,-21999421.8,1.35
Fxy,Min,dlc61_wSeaState_U50_Ym8_373,3648258.9,-109561474.8,109622203.2,-10048069.575,9641.03950195313,19.0487287044525,9641.05861816406,-22213653.3,1.35
Fz,Max,dlc61_wSeaState_U50_Ym8_37,-205293009.6,112812199.2,234247334.4,-19381746.15,1841756.0625,1951160.7375,2683112.68125,-20620726.2,1.35
Fz,Min,dlc61_wSeaState_U50_Yp8_344,247059504,-109418212.8,270205005.6,24559696.8,587297.334375,-2309375.64375,2382883.48125,-23266002.6,1.35
Height:,54,Load Case,Mx,My,Mxy,Mz,Fx,Fy,Fxy,Fz,Saftey Factor
Mx,Max,dlc61_wSeaState_U50_Yp8_37,366807614.4,-99227116.8,379991908.8,46946109.6,331517.28515625,-3995347.275,4009077.7875,-20991969.45,1.35
Mx,Min,dlc61_wSeaState_U50_Ym8_278,-381807388.8,26335513.8,382714545.6,-40059103.5,1491537.375,4303330.2,4554484.875,-20522837.7,1.35
My,Max,dlc61_wSeaState_U50_Ym8_278,-13362058.35,106452759.6,107288096.4,-7341318.225,2537666.38125,269833.38046875,2551971.99375,-20150267.4,1.35
My,Min,dlc61_wSeaState_U50_Ym8_278,-299788452,-159309277.2,339488690.4,-35436430.8,-373137.6796875,3318023.25,3338938.4625,-20913194.25,1.35
Mxy,Max,dlc61_wSeaState_U50_Yp8_37,364938652.8,-118333461.6,383644382.4,42766474.5,228576.6,-3996460.35,4002991.65,-21146105.7,1.35
Mxy,Min,dlc61_wSeaState_U50_Yp8_376,-12846.0871582031,-63731.45390625,65013.2314453125,4473854.1,1310567.00625,81162.5431640625,1313077.753125,-20733826.5,1.35
Mz,Max,dlc61_wSeaState_U50_Yp8_376,251972812.8,-66677623.2,260645752.8,52727166,663635.9109375,-2616834.6,2699673.3,-20378736,1.35
Mz,Min,dlc61_wSeaState_U50_Ym8_278,-301035139.2,57662728.2,306507996,-53689041,1803726.05625,3162357.45,3640594.95,-20467316.25,1.35
Fx,Max,dlc61_wSeaState_U50_Ym8_278,-20113544.7,101339780.4,103316526,-9260224.425,2718932.0625,18206.9727539063,2718992.98125,-20387485.35,1.35
Fx,Min,dlc61_wSeaState_U50_Yp8_373,189439646.4,-120002558.4,224249839.2,8905263.525,-509517.7171875,-2078694.225,2140228.40625,-20160918.9,1.35
Fy,Max,dlc61_wSeaState_U50_Ym8_278,-381794990.4,23418590.4,382512542.4,-41265131.4,1416752.775,4308695.775,4535641.9125,-20481048.45,1.35
Fy,Min,dlc61_wSeaState_U50_Yp8_37,365424004.8,-108989755.2,381331195.2,44587035.9,182798.20546875,-4189903.5375,4193889.075,-20989110.15,1.35
Fxy,Max,dlc61_wSeaState_U50_Ym8_278,-381263457.6,29689675.2,382417718.4,-39695173.2,1545638.9625,4285328.2875,4555550.3625,-20588013,1.35
Fxy,Min,dlc61_wSeaState_U50_Ym8_373,-7126259.175,-108192294,108426729.6,-11514214.8,3389.74321289063,-743.674081420898,3470.36187744141,-20472849.9,1.35
Fz,Max,dlc61_wSeaState_U50_Ym8_37,-180207493.2,89602194.6,201254306.4,-19388184.3,1759579.5375,1937595.43125,2617326.16875,-19148782.05,1.35
Fz,Min,dlc61_wSeaState_U50_Yp8_344,217326607.2,-115958358,246327415.2,24574549.5,426895.14375,-2299302.1125,2338595.71875,-21794298.75,1.35
Height:,54.0999985,Load Case,Mx,My,Mxy,Mz,Fx,Fy,Fxy,Fz,Saftey Factor
Mx,Max,dlc61_wSeaState_U50_Yp8_37,366408014.4,-99260326.8,379614859.2,46946185.2,330625.27265625,-3995217.675,4008874.95,-20981073.6,1.35
Mx,Min,dlc61_wSeaState_U50_Ym8_278,-381376944,26186265.9,382274899.2,-40059389.7,1490556.2625,4302922.5,4553778.4875,-20511936.45,1.35
My,Max,dlc61_wSeaState_U50_Ym8_278,-13335062.4,106199024.4,107032968,-7341295.95,2536866.16875,269621.64140625,2551153.89375,-20139409.35,1.35
My,Min,dlc61_wSeaState_U50_Ym8_278,-299456546.4,-159271974,339178104,-35436717,-374127.6515625,3317801.85,3338829.1125,-20902311.9,1.35
Mxy,Max,dlc61_wSeaState_U50_Yp8_37,364538923.2,-118356390,383271264,42766528.5,227623.1203125,-3996259.2,4002736.5,-21135209.85,1.35
Mxy,Min,dlc61_wSeaState_U50_Yp8_376,-17812.5064453125,150090.078515625,151143.36328125,2945328.075,1213291.575,30034.3359375,1213663.246875,-20728278,1.35
Mz,Max,dlc61_wSeaState_U50_Yp8_376,251711107.2,-66744032.4,260409772.8,52726912.2,662771.2359375,-2616702.975,2699333.26875,-20367867.15,1.35
Mz,Min,dlc61_wSeaState_U50_Ym8_278,-300718915.2,57482227.8,306163476,-53689041,1802785.78125,3162286.2375,3640067.4375,-20456432.55,1.35
Fx,Max,dlc61_wSeaState_U50_Ym8_278,-20111797.8,101067858,103049485.2,-9260306.1,2717584.7625,18510.1149902344,2717647.70625,-20376628.65,1.35
Fx,Min,dlc61_wSeaState_U50_Yp8_373,189231746.4,-119951496,224046907.2,8905351.275,-509750.71875,-2078626.05,2140217.775,-20150056.8,1.35
Fy,Max,dlc61_wSeaState_U50_Ym8_278,-381364027.2,23276821.5,382073716.8,-41265293.4,1415775.54375,4308260.7375,4534923.375,-20470148.55,1.35
Fy,Min,dlc61_wSeaState_U50_Yp8_37,365004835.2,-109008072,380934748.8,44587192.5,182019.12890625,-4189370.9625,4193323.425,-20978215.65,1.35
Fxy,Max,dlc61_wSeaState_U50_Ym8_278,-380834827.2,29535019.2,381978374.4,-39695454,1544690.75625,4284939.15,4554862.5375,-20577111.75,1.35
Fxy,Min,dlc61_wSeaState_U50_Ym8_373,-7126342.875,-108192574.8,108427010.4,-11514179.7,2593.45250244141,-715.813110351563,2690.42459106445,-20462002.65,1.35
Fz,Max,dlc61_wSeaState_U50_Ym8_37,-180013730.4,89426257.2,201002493.6,-19388242.35,1759012.5375,1937488.78125,2616865.9875,-19137915.9,1.35
Fz,Min,dlc61_wSeaState_U50_Yp8_344,217096653.6,-116001072,246144679.2,24574684.5,425699.8875,-2299219.93125,2338297.03125,-21783433.95,1.35
Height:,67,Load Case,Mx,My,Mxy,Mz,Fx,Fy,Fxy,Fz,Saftey Factor
Mx,Max,dlc61_wSeaState_U50_Yp8_37,315489967.2,-101004375.6,331263950.4,47351876.4,286227.1265625,-3906637.7625,3917109.375,-18981194.4,1.35
Mx,Min,dlc61_wSeaState_U50_Ym8_278,-327520281.6,-1520939.86875,327523824,-47141956.8,1040122.51875,4064933.025,4195895.175,-18180190.8,1.35
My,Max,dlc61_wSeaState_U50_Ym8_278,-83651367.6,76940182.8,113654491.2,-8700924.15,2119532.90625,1095138.815625,2385738.73125,-17645740.65,1.35
My,Min,dlc61_wSeaState_U50_Ym8_278,-257014080,-153705340.8,299468815.2,-35474967.9,-490508.578125,3264819.75,3301461.45,-18857673.45,1.35
Mxy,Max,dlc61_wSeaState_U50_Yp8_37,313173669.6,-122540407.2,336294374.4,41586199.2,114683.944921875,-3899285.6625,3900971.8125,-19057171.05,1.35
Mxy,Min,dlc61_wSeaState_U50_Ym8_37,-66432.0603515625,10684.06875,67285.719140625,-2842397.6625,1292055.6375,-112751.926171875,1296966.009375,-18591488.55,1.35
Mz,Max,dlc61_wSeaState_U50_Yp8_376,218063577.6,-74580976.8,230464850.4,52695948.6,546074.5359375,-2604610.0125,2661238.63125,-18324706.95,1.35
Mz,Min,dlc61_wSeaState_U50_Ym8_278,-260043804,35125817.4,262405418.4,-53692345.8,1662013.0125,3149953.65,3561529.8375,-18411433.65,1.35
Fx,Max,dlc61_wSeaState_U50_Ym8_278,-17256820.5,69158070,71278579.8,-8357294.475,2503475.1,107496.987890625,2505781.9125,-18307861.65,1.35
Fx,Min,dlc61_wSeaState_U50_Ym8_278,-258306688.8,-148603032,298002024,-39260446.2,-555940.63125,3326186.025,3372325.9875,-18707334.75,1.35
Fy,Max,dlc61_wSeaState_U50_Ym8_278,-326468318.4,5842246.5,326520590.4,-41288370.3,1287674.465625,4207286.8125,4399928.1,-18423327.15,1.35
Fy,Min,dlc61_wSeaState_U50_Yp8_37,311745585.6,-110890868.4,330880788,44608703.4,111571.7203125,-4071037.3875,4072566.2625,-18932260.95,1.35
Fxy,Max,dlc61_wSeaState_U50_Ym8_278,-326182960.8,10436121.675,326349864,-39734520.3,1416377.30625,4193119.575,4425875.775,-18530203.95,1.35
Fxy,Min,dlc61_wSeaState_U50_Ym8_376,-1723957.425,-90731944.8,90748317.6,-8202375.9,291.215986633301,-4494.17241210938,4503.59769287109,-18348827.4,1.35
Fz,Max,dlc61_wSeaState_U50_Ym8_37,-155170468.8,67224265.2,169106400,-19395961.65,1680388.2,1918283.5125,2550199.275,-17095387.5,1.35
Fz,Min,dlc61_wSeaState_U50_Yp8_344,187528716,-120351474,222826140,24594610.5,243390.1921875,-2288618.8875,2301524.55,-19740947.4,1.35
Height:,67.0999985,Load Case,Mx,My,Mxy,Mz,Fx,Fy,Fxy,Fz,Saftey Factor
Mx,Max,dlc61_wSeaState_U50_Yp8_37,315117972,-101053256.4,330924614.4,47352292.2,289590.50390625,-3896750.3625,3907496.025,-18365837.4,1.35
Mx,Min,dlc61_wSeaState_U50_Ym8_278,-327168223.2,-1697856.01875,327172629.6,-47142918,1049080.6125,4049725.275,4183400.925,-17564877,1.35
My,Max,dlc61_wSeaState_U50_Ym8_278,-83588500.8,76732790.4,113467878,-8701128.675,2115326.64375,1086507.084375,2378046.43125,-17030376.9,1.35
My,Min,dlc61_wSeaState_U50_Ym8_278,-256769136,-153675457.2,299243268,-35475138,-486368.128125,3247201.9125,3283424.1,-18242406.9,1.35
Mxy,Max,dlc61_wSeaState_U50_Yp8_37,312791025.6,-122528019.6,335933546.4,41586126.3,112063.594921875,-3891067.5375,3892680.7875,-18441780.3,1.35
Mxy,Min,dlc61_wSeaState_U50_Ym8_37,8257.47275390625,-63587.7896484375,64121.7041015625,-2842161.4125,1282822.228125,-100315.536328125,1286738.578125,-17976116.7,1.35
Mz,Max,dlc61_wSeaState_U50_Yp8_376,217764892.8,-74663656.2,230209063.2,52695991.8,549660.853125,-2605065.46875,2662422.4125,-17709279.75,1.35
Mz,Min,dlc61_wSeaState_U50_Ym8_278,-259727299.2,35052455.7,262081936.8,-53691471,1646285.00625,3144234.0375,3549149.6625,-17796076.65,1.35
Fx,Max,dlc61_wSeaState_U50_Ym8_278,-17124712.2,69054282,71145977.4,-8356722.075,2478676.78125,124427.401171875,2481797.8125,-17692562.7,1.35
Fx,Min,dlc61_wSeaState_U50_Ym8_278,-258112008,-148681472.4,297872445.6,-39261339.9,-535317.8203125,3300367.275,3343499.775,-18092215.35,1.35
Fy,Max,dlc61_wSeaState_U50_Ym8_278,-326273637.6,7740304.65,326365437.6,-40098588.3,1347080.034375,4174057.9125,4386044.025,-17849998.35,1.35
Fy,Min,dlc61_wSeaState_U50_Yp8_37,311542437.6,-110977063.2,330718312.8,44609289.3,123052.489453125,-4034435.5125,4036311.675,-18317245.5,1.35
Fxy,Max,dlc61_wSeaState_U50_Ym8_278,-325931169.6,10342111.05,326095200,-39734552.7,1407653.521875,4161547.125,4393172.3625,-17915118.3,1.35
Fxy,Min,dlc61_wSeaState_U50_Ym8_376,-1690984.85625,-90800146.8,90815893.2,-8202580.425,10692.4594482422,226.097644042969,10694.8496337891,-17733465,1.35
Fz,Max,dlc61_wSeaState_U50_Ym8_37,-155000044.8,67005003.6,168862914,-19396397.7,1684765.2375,1911722.5125,2548159.425,-16479991.35,1.35
Fz,Min,dlc61_wSeaState_U50_Yp8_344,187283340,-120269091.6,222575169.6,24594070.5,228440.25,-2286658.6875,2298041.2125,-19125506.7,1.35
Height:,80,Load Case,Mx,My,Mxy,Mz,Fx,Fy,Fxy,Fz,Saftey Factor
Mx,Max,dlc61_wSeaState_U50_Yp8_37,264943116,-104241070.8,284712213.6,47380982.4,202096.11796875,-3878997.525,3884258.475,-17187418.35,1.35
Mx,Min,dlc61_wSeaState_U50_Ym8_278,-275093388,-17246718.45,275633496,-48288355.2,926555.625,3995174.8125,4101210.5625,-16334312.85,1.35
My,Max,dlc61_wSeaState_U50_Ym8_278,-69700705.2,50216392.8,85906191.6,-8703425.025,1995419.475,1065192.8625,2261931.58125,-15857498.25,1.35
My,Min,dlc61_wSeaState_U50_Ym8_278,-215116646.4,-146665177.2,260357155.2,-35514252.9,-600496.70625,3205882.125,3261637.125,-17065935.9,1.35
Mxy,Max,dlc61_wSeaState_U50_Yp8_37,262747540.8,-123268392,290226412.8,41615548.2,-1361.86853027344,-3861942.3,3861942.6375,-17263296.45,1.35
Mxy,Min,dlc61_wSeaState_U50_Ym8_37,95640.106640625,434670.8484375,445068.2953125,-3904210.4625,1271473.284375,-50335.9048828125,1272469.246875,-16105369.05,1.35
Mz,Max,dlc61_wSeaState_U50_Yp8_376,184199702.4,-80964511.2,201208298.4,52669089,429203.4328125,-2597919.4125,2633135.175,-16534617.75,1.35
Mz,Min,dlc61_wSeaState_U50_Ym8_278,-219191184,14634843.75,219679214.4,-53697897,1512548.60625,3138609.2625,3484059.75,-16619470.65,1.35
Fx,Max,dlc61_wSeaState_U50_Ym8_278,-12720724.65,40522040.1,42471785.7,-7638432.3,2300151.9375,150566.2171875,2305074.54375,-16550006.4,1.35
Fx,Min,dlc61_wSeaState_U50_Ym8_278,-214172661.6,-143921188.8,258037293.6,-38021672.7,-619262.2546875,3227918.85,3286783.575,-16953814.35,1.35
Fy,Max,dlc61_wSeaState_U50_Ym8_278,-272827051.2,-8881908.525,272971576.8,-40140549,1226706.271875,4108377.375,4287607.0875,-16671259.35,1.35
Fy,Min,dlc61_wSeaState_U50_Yp8_37,260021318.4,-112121010,283164638.4,44633592,52284.603515625,-3947732.4375,3948078.7125,-17139377.25,1.35
Fxy,Max,dlc61_wSeaState_U50_Ym8_278,-272625048,-7071003.675,272716740,-39776451.3,1287803.98125,4098882.4875,4296425.9625,-16736346.9,1.35
Fxy,Min,dlc61_wSeaState_U50_Yp8_376,1602434.30625,-95120503.2,95133992.4,6469840.575,-10970.9720947266,4408.49553222656,11823.5808105469,-16818343.2,1.35
Fz,Max,dlc61_wSeaState_U50_Ym8_37,-130393789.2,45885360.6,138231716.4,-19405677.6,1589767.425,1903467.43125,2480029.9875,-15306152.85,1.35
Fz,Min,dlc61_wSeaState_U50_Yp8_344,157824352.8,-122048175.6,199510106.4,24615929.7,43654.770703125,-2279136.31875,2279554.3125,-17951508.9,1.35
Height:,80.0999985,Load Case,Mx,My,Mxy,Mz,Fx,Fy,Fxy,Fz,Saftey Factor
Mx,Max,dlc61_wSeaState_U50_Yp8_37,264555072,-104261385.6,284358621.6,47381209.2,201407.66015625,-3878865.5625,3884091.075,-17178872.85,1.35
Mx,Min,dlc61_wSeaState_U50_Ym8_278,-274693788,-17339502.6,275240505.6,-48288371.4,925841.8125,3995044.5375,4100922.3375,-16325763.3,1.35
My,Max,dlc61_wSeaState_U50_Ym8_278,-69594190.2,50016879,85703211,-8703444.6,1994495.4,1065008.334375,2261029.6125,-15848998.65,1.35
My,Min,dlc61_wSeaState_U50_Ym8_278,-214795908,-146605150.8,260058362.4,-35514552.6,-601364.4609375,3205540.9125,3261461.625,-17057406.6,1.35
Mxy,Max,dlc61_wSeaState_U50_Yp8_37,262361224.8,-123268338,289876687.2,41615783.1,-2287.17916259766,-3861668.5875,3861669.2625,-17254750.95,1.35
Mxy,Min,dlc61_wSeaState_U50_Ym8_37,90596.3484375,307561.303125,320626.9828125,-3904150.725,1270671.721875,-50164.871484375,1271661.525,-16096881.6,1.35
Mz,Max,dlc61_wSeaState_U50_Yp8_376,183939811.2,-81007511.4,200987740.8,52668894.6,428359.0921875,-2597883.6375,2632962.375,-16526104.65,1.35
Mz,Min,dlc61_wSeaState_U50_Ym8_278,-218877271.2,14483460.15,219355948.8,-53697961.8,1511446.5,3138556.95,3483534.2625,-16610940,1.35
Fx,Max,dlc61_wSeaState_U50_Ym8_278,-12705691.05,40292056.8,42247893.6,-7638528.825,2298790.8,150544.76484375,2303715.09375,-16541512.2,1.35
Fx,Min,dlc61_wSeaState_U50_Ym8_278,-213849741.6,-143859283.2,257734764,-38021732.1,-619967.334375,3227419.0125,3286425.4875,-16945287.75,1.35
Fy,Max,dlc61_wSeaState_U50_Ym8_278,-272416111.2,-9004684.95,272564892,-40140881.1,1225769.203125,4107875.175,4286857.8375,-16662713.85,1.35
Fy,Min,dlc61_wSeaState_U50_Yp8_37,259626384,-112126302,282804112.8,44633789.1,51714.5080078125,-3947052.0375,3947390.8875,-17130837.15,1.35
Fxy,Max,dlc61_wSeaState_U50_Ym8_278,-272215036.8,-7199884.125,272310249.6,-39776783.4,1286845.3125,4098389.4,4295668.275,-16727800.05,1.35
Fxy,Min,dlc61_wSeaState_U50_Yp8_376,1602872.2125,-95119358.4,95132869.2,6469837.875,-11601.4530761719,4431.64526367188,12419.0652832031,-16809855.75,1.35
Fz,Max,dlc61_wSeaState_U50_Ym8_37,-130203439.2,45726390,137999408.4,-19405753.2,1589047.03125,1903422.0375,2479533.35625,-15297646.5,1.35
Fz,Min,dlc61_wSeaState_U50_Yp8_344,157596375.6,-122052528,199332468,24616107.9,42166.9916015625,-2279077.7625,2279467.9125,-17942999.85,1.35
Height:,93,Load Case,Mx,My,Mxy,Mz,Fx,Fy,Fxy,Fz,Saftey Factor
Mx,Max,dlc61_wSeaState_U50_Yp8_37,214603408.8,-106282875.6,239479999.2,47409424.2,108130.80234375,-3860756.6625,3862270.6875,-16155324.45,1.35
Mx,Min,dlc61_wSeaState_U50_Ym8_278,-223225027.2,-28718520.3,225064807.2,-48290952.6,835637.596875,3983200.3125,4069910.8125,-15301599.3,1.35
My,Max,dlc61_wSeaState_U50_Ym8_37,-108105861.6,26589948.3,111327901.2,-19312947.45,1517628.65625,1923548.00625,2450149.59375,-14365476.9,1.35
My,Min,dlc61_wSeaState_U50_Ym8_278,-173685394.8,-138168828,221939719.2,-35551642.5,-704317.10625,3164908.6125,3242330.775,-16035943.95,1.35
Mxy,Max,dlc61_wSeaState_U50_Yp8_37,212718268.8,-122465098.8,245452161.6,41645002.5,-125717.04140625,-3832693.875,3834755.325,-16231078.35,1.35
Mxy,Min,dlc61_wSeaState_U50_Yp8_192,-309451.640625,-111933.277734375,329073.5109375,7046993.925,1488895.425,24666.1083984375,1489099.78125,-15468285.15,1.35
Mz,Max,dlc61_wSeaState_U50_Yp8_376,150901034.4,-86862088.8,174115321.2,52647429.6,315462.76875,-2606970.15,2625987.43125,-15447851.55,1.35
Mz,Min,dlc61_wSeaState_U50_Ym8_278,-178418289.6,-4126030.65,178465993.2,-53706726,1369946.671875,3132050.9625,3418551.675,-15589596.15,1.35
Fx,Max,dlc61_wSeaState_U50_Ym8_278,-8087465.925,13246676.55,15520358.7,-7327675.125,2126402.04375,136565.89453125,2130782.9625,-15431203.35,1.35
Fx,Min,dlc61_wSeaState_U50_Ym8_278,-173111439.6,-137174968.8,220872225.6,-36726687.9,-709727.315625,3167208,3245754.0375,-15936099.3,1.35
Fy,Max,dlc61_wSeaState_U50_Ym8_278,-219813804,-24029638.2,221123347.2,-40182712.2,1098220.95,4043156.5125,4189654.4625,-15639170.85,1.35
Fy,Min,dlc61_wSeaState_U50_Yp8_37,210926613.6,-108585554.4,237235867.2,45900183.6,40823.9077148438,-3868150.275,3868365.6,-16105998.15,1.35
Fxy,Max,dlc61_wSeaState_U50_Ym8_278,-219724012.8,-23000946.3,220924605.6,-39818690.1,1158063.75,4035440.5875,4198320.1125,-15704224.65,1.35
Fxy,Min,dlc61_wSeaState_U50_Yp8_376,1553850.675,-85619516.4,85633610.4,3962594.5875,6058.53566894531,3218.38286132813,6860.30910644531,-15755361.3,1.35
Fz,Max,dlc61_wSeaState_U50_Ym8_37,-105703088.4,25820380.8,108811004.4,-19415335.5,1496292.4125,1892971.18125,2412929.925,-14279423.85,1.35
Fz,Min,dlc61_wSeaState_U50_Yp8_344,128228983.2,-121449585.6,176614484.4,24638218.2,-129991.320703125,-2272053.0375,2275768.575,-16924246.65,1.35
Height:,93.0999985,Load Case,Mx,My,Mxy,Mz,Fx,Fy,Fxy,Fz,Saftey Factor
Mx,Max,dlc61_wSeaState_U50_Yp8_37,214217136,-106293805.2,239138762.4,47409640.2,107366.206640625,-3860616.6,3862109.3625,-16148014.2,1.35
Mx,Min,dlc61_wSeaState_U50_Ym8_278,-222826593.6,-28802250,224680348.8,-48290974.2,834946.3125,3983153.0625,4069722.825,-15294283.65,1.35
My,Max,dlc61_wSeaState_U50_Ym8_37,-107913513.6,26438173.2,111104924.4,-19312935.3,1516930.875,1923472.40625,2449658.19375,-14358211.2,1.35
My,Min,dlc61_wSeaState_U50_Ym8_278,-173368738.8,-138098422.8,221648119.2,-35551915.2,-705051.8015625,3164625.45,3242214,-16028649.9,1.35
Mxy,Max,dlc61_wSeaState_U50_Yp8_37,212334804,-122452614,245113668,41645221.2,-126709.091015625,-3832523.4375,3834617.625,-16223766.75,1.35
Mxy,Min,dlc61_wSeaState_U50_Yp8_192,-306982.5328125,-260794.5609375,402805.2375,7047034.425,1488093.01875,24667.8486328125,1488297.375,-15461041.05,1.35
Mz,Max,dlc61_wSeaState_U50_Yp8_376,150640203.6,-86893732.8,173905120.8,52647429.6,314533.8,-2607023.98125,2625929.55,-15440575.05,1.35
Mz,Min,dlc61_wSeaState_U50_Ym8_278,-178105003.2,-4263165.3375,178156011.6,-53706801.6,1368856.715625,3132007.7625,3418075.4625,-15582304.8,1.35
Fx,Max,dlc61_wSeaState_U50_Ym8_278,-8073822.825,13034077.2,15332116.05,-7327766.25,2125158.525,136433.42578125,2129533.5375,-15423955.2,1.35
Fx,Min,dlc61_wSeaState_U50_Ym8_278,-172794556.8,-137104034.4,220579848,-36726893.1,-710366.540625,3166824.6,3245519.8125,-15928806.6,1.35
Fy,Max,dlc61_wSeaState_U50_Ym8_278,-219409365.6,-24139568.7,220733294.4,-40183028.1,1097179.0875,4042667.8125,4188909.6,-15631861.95,1.35
Fy,Min,dlc61_wSeaState_U50_Yp8_37,210539628,-108589734,236893788,45900324,40238.07890625,-3867625.8,3867835.05,-16098693.3,1.35
Fxy,Max,dlc61_wSeaState_U50_Ym8_278,-219320352,-23116860,220535265.6,-39819008.7,1157024.503125,4034963.025,4197574.575,-15696915.75,1.35
Fxy,Min,dlc61_wSeaState_U50_Yp8_376,1554167.75625,-85620094.2,85634199,3962634.075,5652.64643554688,3194.33829345703,6492.78149414063,-15748117.2,1.35
Fz,Max,dlc61_wSeaState_U50_Ym8_37,-105513786,25670741.4,108591645.6,-19415408.4,1495569.65625,1892856.76875,2412392.11875,-14272159.5,1.35
Fz,Min,dlc61_wSeaState_U50_Yp8_344,128001686.4,-121436582.4,176440572,24638382.9,-131171.347265625,-2272002.91875,2275786.29375,-16916975.55,1.35
Height:,106,Load Case,Mx,My,Mxy,Mz,Fx,Fy,Fxy,Fz,Saftey Factor
Mx,Max,dlc61_wSeaState_U50_Yp8_37,164535127.2,-107010061.2,196272676.8,47433502.8,-2342.68275146484,-3833588.925,3833589.6,-15265732.5,1.35
Mx,Min,dlc61_wSeaState_U50_Ym8_278,-171494398.8,-39040677,175882071.6,-48291363,750179.1375,3968376.3,4038660.675,-14411487.6,1.35
My,Max,dlc61_wSeaState_U50_Ym8_37,-83164406.4,7482166.425,83500308,-19309981.5,1417817.41875,1912830.1875,2380992.46875,-13481723.7,1.35
My,Min,dlc61_wSeaState_U50_Ym8_278,-132784509.6,-128605482,184854247.2,-34940205.9,-776106.309375,3114803.3625,3210037.425,-15217162.2,1.35
Mxy,Max,dlc61_wSeaState_U50_Yp8_37,163024034.4,-119993637.6,202423600.8,41669167.5,-257383.1953125,-3804930.7875,3813626.1375,-15341250.15,1.35
Mxy,Min,dlc61_wSeaState_U50_Yp8_373,-1407161.446875,-10486329.525,10580321.925,1634740.9875,1734645.0375,111286.996875,1738211.23125,-14396117.85,1.35
Mz,Max,dlc61_wSeaState_U50_Yp8_376,116966937.6,-90158502.6,147681478.8,52644438,186521.80078125,-2608053.1875,2614714.425,-14562567.45,1.35
Mz,Min,dlc61_wSeaState_U50_Ym8_278,-137730142.8,-21009588.3,139323348,-53713141.2,1220935.10625,3124020.825,3354130.0125,-14702607,1.35
Fx,Max,dlc61_wSeaState_U50_Ym8_278,-5620089.4875,-10730138.85,12112856.1,-7346971.35,1978155.675,112671.052734375,1981361.75625,-14447943,1.35
Fx,Min,dlc61_wSeaState_U50_Ym8_192,-96824354.4,-111165350.4,147420118.8,-12687124.5,-799950.009375,2292536.75625,2428094.8125,-14620274.55,1.35
Fy,Max,dlc61_wSeaState_U50_Ym8_278,-170993451.6,-37570529.7,175072287.6,-47154565.8,792548.128125,3975071.2875,4053310.5375,-14463362.7,1.35
Fy,Min,dlc61_wSeaState_U50_Yp8_37,164535127.2,-107010061.2,196272676.8,47433502.8,-2342.68275146484,-3833588.925,3833589.6,-15265732.5,1.35
Fxy,Max,dlc61_wSeaState_U50_Ym8_278,-168652530,-36214546.5,172496865.6,-41345394.3,1113280.70625,3944917.35,4098995.8875,-14984067.15,1.35
Fxy,Min,dlc61_wSeaState_U50_Ym8_373,-387065.671875,-86638491,86639355,439489.0828125,1275.77480163574,-581.266049194336,1401.95275268555,-14418567,1.35
Fz,Max,dlc61_wSeaState_U50_Ym8_37,-81196797.6,7005253.275,81498425.4,-19423683.9,1394657.915625,1875715.48125,2337387.13125,-13395835.35,1.35
Fz,Min,dlc61_wSeaState_U50_Yp8_344,98728405.2,-118791597.6,154462755.6,24656470.2,-277468.5796875,-2263138.9875,2280084.8625,-16039579.5,1.35
Height:,106.0999985,Load Case,Mx,My,Mxy,Mz,Fx,Fy,Fxy,Fz,Saftey Factor
Mx,Max,dlc61_wSeaState_U50_Yp8_37,164151532.8,-107009920.8,195951139.2,47433664.8,-3289.8181640625,-3833322.3,3833323.65,-15259504.95,1.35
Mx,Min,dlc61_wSeaState_U50_Ym8_278,-171097412.4,-39115869.3,175511750.4,-48291346.8,749543.11875,3968208.225,4038377.175,-14405257.35,1.35
My,Max,dlc61_wSeaState_U50_Ym8_37,-82973116.8,7340367.825,83297176.2,-19309951.8,1416972.825,1912745.1375,2380421.41875,-13475543.4,1.35
My,Min,dlc61_wSeaState_U50_Ym8_278,-132472843.2,-128527905.6,184576471.2,-34940378.7,-776755.2375,3114509.7375,3209909.5125,-15210949.5,1.35
Mxy,Max,dlc61_wSeaState_U50_Yp8_37,162643302,-119967966,202101847.2,41669318.7,-258425.015625,-3804681.0375,3813447.6,-15335019.9,1.35
Mxy,Min,dlc61_wSeaState_U50_Yp8_373,-1396036.0125,-10659776.85,10750802.625,1634808.99375,1733875.03125,110994.247265625,1737424.0125,-14389957.8,1.35
Mz,Max,dlc61_wSeaState_U50_Yp8_376,116705955.6,-90177240.6,147486322.8,52644400.2,185460.19453125,-2608017.75,2614603.725,-14556372.3,1.35
Mz,Min,dlc61_wSeaState_U50_Ym8_278,-137417623.2,-21131807.85,139032936,-53713168.2,1219737.31875,3123950.625,3353628.825,-14696401.05,1.35
Fx,Max,dlc61_wSeaState_U50_Ym8_278,-5608838.925,-10927925.325,12283266.6,-7347047.625,1977114.65625,112543.509375,1980315.3375,-14441782.95,1.35
Fx,Min,dlc61_wSeaState_U50_Ym8_192,-96595038,-111085311.6,147209194.8,-12687162.3,-800799.328125,2292389.60625,2428235.8875,-14614080.75,1.35
Fy,Max,dlc61_wSeaState_U50_Ym8_278,-170595795.6,-37649952.9,174701016,-47154571.2,791880.6375,3974813.1,4052926.4625,-14457132.45,1.35
Fy,Min,dlc61_wSeaState_U50_Yp8_37,164151532.8,-107009920.8,195951139.2,47433664.8,-3289.8181640625,-3833322.3,3833323.65,-15259504.95,1.35
Fxy,Max,dlc61_wSeaState_U50_Ym8_278,-168257876.4,-36325978.2,172134514.8,-41345575.2,1112095.575,3944635.2,4098402.5625,-14977842.3,1.35
Fxy,Min,dlc61_wSeaState_U50_Ym8_373,-387128.278125,-86638577.4,86639441.4,439425.2109375,769.669409179688,-571.588920593262,958.699566650391,-14412406.95,1.35
Fz,Max,dlc61_wSeaState_U50_Ym8_37,-81009223.2,6865773.975,81299646,-19423739.25,1393811.634375,1875569.175,2336765.11875,-13389656.4,1.35
Fz,Min,dlc61_wSeaState_U50_Yp8_344,98501983.2,-118763820,154296748.8,24656583.6,-278556.721875,-2263056.3,2280135.4875,-16033389.75,1.35
Height:,119,Load Case,Mx,My,Mxy,Mz,Fx,Fy,Fxy,Fz,Saftey Factor
Mx,Max,dlc61_wSeaState_U50_Yp8_37,114900768,-106202793.6,156464751.6,47448239.4,-122082.12421875,-3792805.7625,3794770.0125,-14515019.1,1.35
Mx,Min,dlc61_wSeaState_U50_Ym8_278,-120045542.4,-48205800,129362788.8,-48284602.2,651137.990625,3938639.175,3992099.5125,-13660528.5,1.35
My,Max,dlc61_wSeaState_U50_Ym8_37,-58377277.8,-10212105.375,59263763.4,-19303560.9,1300525.959375,1898570.30625,2301290.325,-12736823.4,1.35
My,Min,dlc61_wSeaState_U50_Yp8_373,40032049.5,-120044700,126543643.2,10863767.925,-598337.71875,-1348950.0375,1475694.45,-14814457.2,1.35
Mxy,Max,dlc61_wSeaState_U50_Yp8_37,113743958.4,-115781454,162305370,41681846.7,-390939.91875,-3767721.4125,3787949.1375,-14590147.95,1.35
Mxy,Min,dlc61_wSeaState_U50_Ym8_278,-9612994.275,-28353296.7,29938588.2,-9586757.7,1592397.39375,260906.75859375,1613630.025,-13495927.05,1.35
Mz,Max,dlc61_wSeaState_U50_Yp8_376,83042037,-91688565.6,123704377.2,52634242.8,46471.4560546875,-2608164.5625,2608578.50625,-13815709.65,1.35
Mz,Min,dlc61_wSeaState_U50_Ym8_278,-97179026.4,-35863398,103585456.8,-53710554.6,1057906.321875,3108508.9875,3283594.5375,-13954627.35,1.35
Fx,Max,dlc61_wSeaState_U50_Ym8_278,-4258063.35,-35532407.7,35786634.3,-7356926.925,1833557.85,97678.828125,1836157.78125,-13705904.7,1.35
Fx,Min,dlc61_wSeaState_U50_Ym8_192,-67167057.6,-100058662.8,120512037.6,-12688110,-905803.25625,2264531.175,2438971.25625,-13873520.7,1.35
Fy,Max,dlc61_wSeaState_U50_Ym8_278,-120045542.4,-48205800,129362788.8,-48284602.2,651137.990625,3938639.175,3992099.5125,-13660528.5,1.35
Fy,Min,dlc61_wSeaState_U50_Yp8_37,114900768,-106202793.6,156464751.6,47448239.4,-122082.12421875,-3792805.7625,3794770.0125,-14515019.1,1.35
Fxy,Max,dlc61_wSeaState_U50_Ym8_278,-117602636.4,-49670064,127661648.4,-41361661.8,950668.48125,3899992.05,4014188.55,-14233974.75,1.35
Fxy,Min,dlc61_wSeaState_U50_Yp8_37,1038043.0125,-79786792.8,79793548.2,1868885.6625,-1069.9186706543,-1682.44359741211,1993.82607421875,-13862608.65,1.35
Fz,Max,dlc61_wSeaState_U50_Ym8_37,-56930601.6,-10385533.8,57870136.8,-19428680.25,1277087.00625,1856360.19375,2253225.43125,-12651106.5,1.35
Fz,Min,dlc61_wSeaState_U50_Yp8_344,69351800.4,-114318993.6,133710523.2,24666171.3,-405925.003125,-2253522.09375,2289789.675,-15293114.55,1.35
Height:,119.0999985,Load Case,Mx,My,Mxy,Mz,Fx,Fy,Fxy,Fz,Saftey Factor
Mx,Max,dlc61_wSeaState_U50_Yp8_37,114521223.6,-106190643.6,156177979.2,47448304.2,-122981.551171875,-3792434.175,3794427.7875,-14509694.7,1.35
Mx,Min,dlc61_wSeaState_U50_Ym8_278,-119651493.6,-48271042.8,129021595.2,-48284515.8,650243.278125,3938347.2375,3991665.825,-13655204.1,1.35
My,Max,dlc61_wSeaState_U50_Ym8_37,-58187413.8,-10342171.8,59099371.2,-19303493.4,1299558.9375,1898431.59375,2300629.5,-12731540.85,1.35
My,Min,dlc61_wSeaState_U50_Yp8_373,39897119.7,-119984814,126444196.8,10863839.475,-598988.75625,-1348715.98125,1475744.7375,-14809171.95,1.35
Mxy,Max,dlc61_wSeaState_U50_Yp8_37,113366930.4,-115742379.6,162013456.8,41681889.9,-391954.95,-3767394.0375,3787728.4125,-14584819.5,1.35
Mxy,Min,dlc61_wSeaState_U50_Ym8_278,-9586884.6,-28512521.1,30081094.2,-9586882.575,1591504.875,261040.21875,1612770.75,-13490664.75,1.35
Mz,Max,dlc61_wSeaState_U50_Yp8_376,82781022.6,-91693263.6,123532797.6,52634124,45375.2455078125,-2608198.3125,2608593.01875,-13810410.9,1.35
Mz,Min,dlc61_wSeaState_U50_Ym8_278,-96868051.2,-35969262.3,103330576.8,-53710484.4,1056595.134375,3108335.5125,3283008.3,-13949323.2,1.35
Fx,Max,dlc61_wSeaState_U50_Ym8_278,-4248319.725,-35715737.7,35967515.4,-7357001.175,1832366.475,97577.630859375,1834962.8625,-13700645.1,1.35
Fx,Min,dlc61_wSeaState_U50_Ym8_192,-66940549.2,-99968029.2,120310617.6,-12688088.4,-906582.7125,2264246.83125,2438996.90625,-13868221.95,1.35
Fy,Max,dlc61_wSeaState_U50_Ym8_278,-119651493.6,-48271042.8,129021595.2,-48284515.8,650243.278125,3938347.2375,3991665.825,-13655204.1,1.35
Fy,Min,dlc61_wSeaState_U50_Yp8_37,114521223.6,-106190643.6,156177979.2,47448304.2,-122981.551171875,-3792434.175,3794427.7875,-14509694.7,1.35
Fxy,Max,dlc61_wSeaState_U50_Ym8_278,-117212464.8,-49765185,127339452,-41361732,949351.809375,3899579.9625,4013476.425,-14228658.45,1.35
Fxy,Min,dlc61_wSeaState_U50_Yp8_37,1037880.84375,-79786647,79793397,1868765.34375,-1675.75902099609,-1747.4153137207,2421.07998046875,-13857339.6,1.35
Fz,Max,dlc61_wSeaState_U50_Ym8_37,-56744955,-10513252.575,57710642.4,-19428703.2,1276118.55,1856207.475,2252550.76875,-12645825.3,1.35
Fz,Min,dlc61_wSeaState_U50_Yp8_344,69126339.6,-114278353.2,133558956,24666203.7,-406811.3625,-2253453.91875,2289879.95625,-15287817.15,1.35
Height:,132,Load Case,Mx,My,Mxy,Mz,Fx,Fy,Fxy,Fz,Saftey Factor
Mx,Max,dlc61_wSeaState_U50_Yp8_37,66003757.2,-103066549.2,122389585.2,48084267.6,-266122.6734375,-3722320.575,3731821.5375,-13944802.05,1.35
Mx,Min,dlc61_wSeaState_U50_Ym8_278,-69072199.2,-55893321,88853992.2,-48268294.2,526604.4140625,3895302.825,3930737.2875,-13025958.3,1.35
My,Max,dlc61_wSeaState_U50_Ym8_37,-32911231.5,-26140968,42029744.4,-19429110.9,1142807.90625,1838844.45,2165030.775,-12021392.25,1.35
My,Min,dlc61_wSeaState_U50_Yp8_37,58285197,-111958513.2,126221522.4,42409858.5,-501176.8265625,-3271917.375,3310078.8375,-13476420.9,1.35
Mxy,Max,dlc61_wSeaState_U50_Yp8_37,65028268.8,-109857675.6,127661216.4,41680164.6,-518350.05,-3716314.0875,3752289.5625,-13954829.85,1.35
Mxy,Min,dlc61_wSeaState_U50_Yp8_192,11139521.625,-39801939.3,41331384,7480049.625,1017903.0375,-610148.1515625,1186763.4,-12707856.45,1.35
Mz,Max,dlc61_wSeaState_U50_Yp8_376,49105823.4,-91375160.4,103734291.6,52614300.6,-94680.573046875,-2606061.6,2607780.99375,-13183542.45,1.35
Mz,Min,dlc61_wSeaState_U50_Ym8_278,-56901274.2,-48540173.4,74792403,-53695467,890895.7125,3083108.7375,3209245.3125,-13322342.7,1.35
Fx,Max,dlc61_wSeaState_U50_Ym8_278,-6555288.15,-61493029.2,61841442.6,-10580864.625,1672893.16875,261344.390625,1693184.175,-13310217,1.35
Fx,Min,dlc61_wSeaState_U50_Ym8_192,-37953910.8,-87650758.8,95515210.8,-12681287.1,-998055.759375,2227120.65,2440528.9875,-13241229.3,1.35
Fy,Max,dlc61_wSeaState_U50_Ym8_278,-69072199.2,-55893321,88853992.2,-48268294.2,526604.4140625,3895302.825,3930737.2875,-13025958.3,1.35
Fy,Min,dlc61_wSeaState_U50_Yp8_37,65907772.2,-103803001.2,122958928.8,47450356.2,-251156.109375,-3732788.475,3741228.3375,-13880246.4,1.35
Fxy,Max,dlc61_wSeaState_U50_Ym8_278,-69072199.2,-55893321,88853992.2,-48268294.2,526604.4140625,3895302.825,3930737.2875,-13025958.3,1.35
Fxy,Min,dlc61_wSeaState_U50_Ym8_278,-3382675.425,-83300000.4,83368656,-18781722.45,3687.56389160156,2805.98291015625,4633.75305175781,-13714903.8,1.35
Fz,Max,dlc61_wSeaState_U50_Ym8_37,-32911231.5,-26140968,42029744.4,-19429110.9,1142807.90625,1838844.45,2165030.775,-12021392.25,1.35
Fz,Min,dlc61_wSeaState_U50_Yp8_344,40090993.2,-108247190.4,115432851.6,24665674.5,-529643.1796875,-2245288.78125,2306912.23125,-14660990.55,1.35
Height:,132.1000061,Load Case,Mx,My,Mxy,Mz,Fx,Fy,Fxy,Fz,Saftey Factor
Mx,Max,dlc61_wSeaState_U50_Yp8_37,65631276,-103039884,122166619.2,48084127.2,-267201.68203125,-3721719.15,3731298.75,-13939639.65,1.35
Mx,Min,dlc61_wSeaState_U50_Ym8_278,-68682448.8,-55946030.4,88584629.4,-48268137.6,525611.5734375,3894840.7875,3930146.6625,-13020801.3,1.35
My,Max,dlc61_wSeaState_U50_Ym8_37,-32727331.8,-26255259,41957322.3,-19429105.5,1141703.690625,1838710.29375,2164334.34375,-12016259.55,1.35
My,Min,dlc61_wSeaState_U50_Yp8_37,57957811.2,-111908379.6,126026161.2,42409604.7,-502070.1890625,-3271453.9875,3309756.1875,-13471262.55,1.35
Mxy,Max,dlc61_wSeaState_U50_Yp8_37,64656376.2,-109805781.6,127427461.2,41680126.8,-519232.9078125,-3715749.45,3751852.5,-13949666.1,1.35
Mxy,Min,dlc61_wSeaState_U50_Yp8_192,11078490.825,-39903710.4,41413029.3,7480034.1,1016738.240625,-610122.796875,1185751.40625,-12702731.85,1.35
Mz,Max,dlc61_wSeaState_U50_Yp8_376,48845035.8,-91365656.4,103602704.4,52614106.2,-95713.196484375,-2605968.1125,2607725.1375,-13178390.85,1.35
Mz,Min,dlc61_wSeaState_U50_Ym8_278,-56592837,-48629268,74616049.8,-53695305,889618.696875,3082839.4125,3208632.075,-13317196.5,1.35
Fx,Max,dlc61_wSeaState_U50_Ym8_278,-6529138.65,-61660315.8,62005035.6,-10580825.475,1671641.71875,261584.07890625,1691984.7,-13305103.2,1.35
Fx,Min,dlc61_wSeaState_U50_Ym8_192,-37731131.1,-87550875,95335164,-12681212.85,-998626.89375,2226783.65625,2440455.075,-13236077.7,1.35
Fy,Max,dlc61_wSeaState_U50_Ym8_278,-68682448.8,-55946030.4,88584629.4,-48268137.6,525611.5734375,3894840.7875,3930146.6625,-13020801.3,1.35
Fy,Min,dlc61_wSeaState_U50_Yp8_37,65534227.2,-103777848,122737842,47450350.8,-252180.253125,-3732141.825,3740651.8875,-13875086.7,1.35
Fxy,Max,dlc61_wSeaState_U50_Ym8_278,-68682448.8,-55946030.4,88584629.4,-48268137.6,525611.5734375,3894840.7875,3930146.6625,-13020801.3,1.35
Fxy,Min,dlc61_wSeaState_U50_Ym8_278,-3382395.6375,-83300362.2,83369001.6,-18781679.25,3242.8423828125,3032.45068359375,4439.79569091797,-13709775.15,1.35
Fz,Max,dlc61_wSeaState_U50_Ym8_37,-32727331.8,-26255259,41957322.3,-19429105.5,1141703.690625,1838710.29375,2164334.34375,-12016259.55,1.35
Fz,Min,dlc61_wSeaState_U50_Yp8_344,39866358.6,-108194119.2,115305217.2,24665650.2,-530615.0109375,-2245199.85,2307048.91875,-14655838.95,1.35
Height:,144.5820007,Load Case,Mx,My,Mxy,Mz,Fx,Fy,Fxy,Fz,Saftey Factor
Mx,Max,dlc61_wSeaState_U50_Yp8_37,19682751.6,-97844014.8,99804117.6,48415995,-391518.9421875,-3612283.7625,3633439.275,-13295327.85,1.35
Mx,Min,dlc61_wSeaState_U50_Ym8_278,-20536892.55,-62558940.6,65843641.8,-49132261.8,374670.9421875,3804499.4625,3822904.0125,-12335827.5,1.35
My,Max,dlc61_wSeaState_U50_Ym8_37,-9908757,-39564720,40786648.2,-19428515.55,982484.015625,1815722.6625,2064491.2125,-11334743.1,1.35
My,Min,dlc61_wSeaState_U50_Ym8_37,-7964738.775,-107277771.6,107573032.8,-21840227.1,215242.71328125,1255788.39375,1274101.228125,-13116061.35,1.35
Mxy,Max,dlc61_wSeaState_U50_Yp8_192,13548968.55,-106846300.8,107701930.8,31349065.5,-61932.5525390625,-2331011.75625,2331834.24375,-13693727.7,1.35
Mxy,Min,dlc61_wSeaState_U50_Ym8_37,-9908757,-39564720,40786648.2,-19428515.55,982484.015625,1815722.6625,2064491.2125,-11334743.1,1.35
Mz,Max,dlc61_wSeaState_U50_Yp8_376,16412417.1,-89420284.8,90914000.4,52586587.8,-211905.68203125,-2585000.75625,2593671.6375,-12495023.55,1.35
Mz,Min,dlc61_wSeaState_U50_Ym8_278,-18341024.4,-58736858.4,61533826.2,-53672279.4,730202.934375,3042762.3,3129152.85,-12634825.5,1.35
Fx,Max,dlc61_wSeaState_U50_Ym8_278,-3054475.2375,-81494553.6,81551777.4,-10576126.125,1500227.15625,295609.8796875,1529073.7875,-12625723.8,1.35
Fx,Min,dlc61_wSeaState_U50_Ym8_192,-10208201.85,-74716997.4,75411118.8,-12671222.85,-1051489.0125,2181707.6625,2421874.6875,-12552729.3,1.35
Fy,Max,dlc61_wSeaState_U50_Ym8_278,-20498757.75,-61740219.6,65054237.4,-48245657.4,400831.8328125,3815534.7,3836531.25,-12338019.9,1.35
Fy,Min,dlc61_wSeaState_U50_Yp8_37,19680321.6,-98919576,100858305.6,48065038.2,-388183.3875,-3633166.2375,3653845.2,-13256073.9,1.35
Fxy,Max,dlc61_wSeaState_U50_Ym8_278,-20498757.75,-61740219.6,65054237.4,-48245657.4,400831.8328125,3815534.7,3836531.25,-12338019.9,1.35
Fxy,Min,dlc61_wSeaState_U50_Ym8_376,-904027.8375,-83252372.4,83257281,-4962104.55,-3507.43579101563,752.603247070313,3587.2716796875,-12794333.4,1.35
Fz,Max,dlc61_wSeaState_U50_Ym8_37,-9908757,-39564720,40786648.2,-19428515.55,982484.015625,1815722.6625,2064491.2125,-11334743.1,1.35
Fz,Min,dlc61_wSeaState_U50_Yp8_344,11950501.05,-100850950.8,101556525.6,24663120.3,-640868.3296875,-2222973.28125,2313508.66875,-13972258.35,1.35
